ls,loss,acc_th0.20,acc_th0.25,acc_th0.30,acc_th0.35,acc_th0.40,acc_th0.45,acc_th0.50,acc_th0.55,acc_th0.60,acc_th0.65,acc_th0.70,auc,psnr,ssim,mse,lpips,clip
0,0.02962,0.5103,0.4963,0.4873,0.4704,0.4666,0.4817,0.4728,0.4618,0.4645,0.4757,0.4621,0.5221,2.05,0.0641,0.623388,0.2109,0.3
200,0.048,0.505,0.5046,0.4947,0.5062,0.4782,0.4645,0.4913,0.4882,0.4639,0.4667,0.4656,0.5256,3.46,0.0582,0.451274,0.227,0.3
400,0.04038,0.4808,0.5022,0.4747,0.4794,0.4925,0.4669,0.478,0.4752,0.4602,0.4763,0.4601,0.5322,1.88,0.0891,0.649269,0.2065,0.3
600,0.01498,0.5064,0.4881,0.4962,0.5058,0.5027,0.4795,0.4621,0.4943,0.4853,0.4602,0.4753,0.4961,2.93,0.1023,0.509395,0.1793,0.3
800,0.0254,0.503,0.506,0.4811,0.4691,0.4843,0.4745,0.4743,0.4692,0.4837,0.4709,0.4664,0.5452,1.38,0.1019,0.728486,0.2336,0.3
1000,0.01577,0.4858,0.4934,0.5035,0.4856,0.468,0.4688,0.4838,0.4832,0.4567,0.4855,0.4618,0.5269,2.49,0.1088,0.563377,0.206,0.3
1200,0.05545,0.4907,0.495,0.4938,0.482,0.5047,0.502,0.4988,0.4969,0.4734,0.4605,0.4525,0.5262,4,0.058,0.398402,0.1682,0.3
1400,0.03266,0.4906,0.4796,0.5052,0.4865,0.4686,0.4966,0.4701,0.4644,0.4929,0.4894,0.4516,0.4904,2.43,0.0511,0.571334,0.1807,0.3
1600,0.07472,0.4765,0.5056,0.4951,0.4843,0.4784,0.4735,0.4942,0.4722,0.4593,0.4597,0.4572,0.5412,3.2,0.047,0.47887,0.1577,0.3
1800,0.02729,0.4805,0.4952,0.4962,0.4703,0.4762,0.48,0.4918,0.4746,0.4876,0.4662,0.4601,0.5468,2.99,0.038,0.502867,0.1682,0.3
2000,0.03547,0.48,0.4801,0.4863,0.5006,0.4898,0.4851,0.4987,0.4767,0.4659,0.4923,0.4712,0.4914,1.92,0.0882,0.643247,0.222,0.3
2200,0.02132,0.4859,0.4915,0.4824,0.4987,0.466,0.4809,0.4723,0.4706,0.4626,0.4901,0.4655,0.5077,0.72,0.0492,0.846988,0.1917,0.3
2400,0.0211,0.4794,0.4811,0.4783,0.5053,0.4695,0.5014,0.4768,0.478,0.4638,0.4675,0.4815,0.5457,2.11,0.0482,0.614963,0.212,0.3
2600,0.18266,0.4956,0.5113,0.4918,0.4872,0.4774,0.4942,0.469,0.4838,0.4829,0.4865,0.4707,0.5026,2.79,0.0888,0.525523,0.2273,0.3
2800,0.07004,0.5017,0.4921,0.4896,0.4994,0.4695,0.4826,0.4989,0.4603,0.4692,0.4783,0.4801,0.5283,3.39,0.0715,0.45825,0.1862,0.3
3000,0.06359,0.485,0.5107,0.4747,0.4894,0.5048,0.4851,0.4936,0.4692,0.4577,0.4531,0.4757,0.505,3.1,0.0824,0.489312,0.1809,0.3
3200,0.06647,0.4825,0.4897,0.4932,0.5008,0.4913,0.4934,0.4861,0.4649,0.4744,0.4685,0.4564,0.5313,3.49,0.0751,0.447528,0.2182,0.3
3400,0.03367,0.5041,0.4861,0.4717,0.4951,0.4993,0.4732,0.4972,0.4697,0.4709,0.477,0.4736,0.4919,3.7,0.1044,0.426806,0.1489,0.3
3600,0.03836,0.4799,0.5103,0.4874,0.4712,0.4916,0.4718,0.4823,0.4954,0.4694,0.4877,0.4761,0.5477,2.49,0.0598,0.563146,0.1985,0.3
3800,0.02573,0.4999,0.5063,0.5008,0.4755,0.4811,0.4993,0.4782,0.4682,0.4763,0.4625,0.4643,0.5097,1.95,0.0702,0.637961,0.1656,0.3
4000,0.07847,0.4929,0.4844,0.4855,0.4947,0.4904,0.4779,0.4801,0.4696,0.4728,0.4845,0.4876,0.4912,2.41,0.0812,0.574265,0.1739,0.3
4200,0.07463,0.4866,0.505,0.5,0.4689,0.4861,0.4695,0.4601,0.4709,0.4574,0.4707,0.4756,0.4909,1.96,0.0815,0.636085,0.1886,0.3
4400,0.0395,0.5139,0.4932,0.4986,0.478,0.4779,0.5003,0.468,0.487,0.4912,0.4658,0.4788,0.5033,3.67,0.0845,0.429575,0.1468,0.3
4600,0.07095,0.4813,0.475,0.495,0.4736,0.4813,0.4834,0.4879,0.4611,0.4928,0.4873,0.4508,0.5163,2.52,0.0718,0.559152,0.1638,0.3
4800,0.02042,0.4882,0.4934,0.4786,0.5015,0.4916,0.4979,0.4823,0.4939,0.4595,0.4599,0.4749,0.5152,2.42,0.1164,0.572716,0.1878,0.3
5000,0.04157,0.5035,0.5052,0.4825,0.4791,0.4831,0.4862,0.4632,0.4938,0.4921,0.4913,0.4691,0.5273,4.72,0.1139,0.337672,0.1969,0.3
5200,0.08044,0.4971,0.4962,0.4996,0.4947,0.5026,0.5012,0.4699,0.4665,0.4744,0.4629,0.4756,0.5352,3.51,0.0865,0.446149,0.2321,0.3
5400,0.01501,0.4962,0.4762,0.4875,0.4732,0.505,0.4823,0.4604,0.4719,0.4725,0.4666,0.4615,0.5264,1.44,0.0791,0.717849,0.1994,0.3
5600,0.0167,0.5128,0.5064,0.4983,0.4687,0.4855,0.4666,0.486,0.4769,0.4826,0.479,0.4744,0.4983,4.09,0.0935,0.389783,0.227,0.3
5800,0.09006,0.4908,0.4926,0.485,0.4889,0.4827,0.4777,0.4923,0.4737,0.4793,0.4659,0.4534,0.5143,1.09,0.0835,0.777554,0.1901,0.3
6000,0.03816,0.5091,0.4953,0.4954,0.4803,0.4738,0.4777,0.4783,0.4945,0.4655,0.4816,0.4591,0.5372,1.54,0.0829,0.70121,0.2151,0.3
6200,0.05421,0.5025,0.4847,0.483,0.4817,0.4729,0.5003,0.4657,0.4814,0.4588,0.4705,0.478,0.5276,1.53,0.097,0.702286,0.2451,0.3
6400,0.05741,0.4873,0.4934,0.4974,0.4789,0.5,0.4686,0.4795,0.4613,0.4677,0.4888,0.4804,0.5441,2,0.0955,0.631196,0.204,0.3
6600,0.02333,0.4791,0.499,0.487,0.4788,0.4871,0.4963,0.4716,0.4744,0.4734,0.4822,0.4588,0.5429,2.12,0.0862,0.61371,0.2029,0.3
6800,0.01812,0.4807,0.4932,0.5078,0.4919,0.4928,0.4839,0.472,0.4967,0.4635,0.4681,0.4696,0.5372,4.12,0.1316,0.386824,0.1606,0.3
7000,0.04585,0.4793,0.5043,0.4984,0.4916,0.4778,0.5015,0.4617,0.4672,0.4704,0.4537,0.4786,0.5268,1.07,0.1103,0.781727,0.2053,0.3
7200,0.02468,0.4778,0.5027,0.4703,0.4901,0.4713,0.4643,0.4872,0.4792,0.4615,0.4834,0.4612,0.5212,1.78,0.0673,0.664362,0.1475,0.3
7400,0.02085,0.5051,0.5076,0.5085,0.4829,0.4873,0.4876,0.4983,0.4674,0.495,0.4708,0.4674,0.5462,2.2,0.1023,0.602108,0.1797,0.3
7600,0.05597,0.5083,0.4904,0.482,0.501,0.467,0.4788,0.4706,0.4731,0.469,0.4857,0.4549,0.52,2.13,0.0619,0.612308,0.2104,0.3
7800,0.04657,0.5149,0.512,0.505,0.4688,0.4779,0.4906,0.4636,0.4858,0.4599,0.4661,0.4756,0.5004,2.61,0.094,0.547864,0.2333,0.3
8000,0.0394,0.4996,0.4961,0.502,0.4993,0.4752,0.4704,0.4603,0.4659,0.4861,0.4655,0.4752,0.5083,2.71,0.0874,0.536206,0.1781,0.3
8200,0.01563,0.5026,0.4998,0.4776,0.4958,0.4878,0.4857,0.4756,0.47,0.4846,0.4809,0.4546,0.5456,3.08,0.1286,0.491672,0.1949,0.3
8400,0.03842,0.4759,0.5094,0.493,0.4806,0.4813,0.4828,0.4643,0.4652,0.4592,0.4885,0.4537,0.5302,1.95,0.0313,0.638952,0.1869,0.3
8600,0.21061,0.4988,0.4985,0.4837,0.4702,0.4992,0.4998,0.4809,0.4655,0.4697,0.4648,0.4534,0.5375,1.55,0.0825,0.69986,0.2147,0.3
8800,0.01102,0.4836,0.503,0.4703,0.497,0.4714,0.4691,0.4648,0.47,0.4741,0.4789,0.4809,0.5355,2.73,0.0677,0.532848,0.1848,0.3
9000,0.02973,0.5051,0.507,0.4887,0.4822,0.4804,0.4949,0.4698,0.4807,0.4623,0.4788,0.4764,0.5294,2.06,0.0531,0.622538,0.1963,0.3
9200,0.02777,0.5119,0.5034,0.4805,0.4889,0.4829,0.4673,0.4792,0.4686,0.4643,0.4624,0.4834,0.5325,1.09,0.0565,0.778756,0.2272,0.3
9400,0.07301,0.4978,0.4756,0.5065,0.5042,0.4906,0.4681,0.4616,0.4842,0.4866,0.482,0.4677,0.5161,2.91,0.0852,0.511129,0.2388,0.3
9600,0.04309,0.5089,0.478,0.4708,0.4833,0.4807,0.467,0.4622,0.465,0.4604,0.4893,0.4872,0.4901,1.82,0.0526,0.657287,0.2437,0.3
9800,0.05008,0.5049,0.48,0.5019,0.4725,0.4683,0.4738,0.4681,0.4619,0.4652,0.4883,0.4515,0.4961,3.31,0.0674,0.466892,0.1922,0.3
10000,0.10152,0.5023,0.4953,0.4939,0.4844,0.4823,0.494,0.4671,0.4971,0.4736,0.4683,0.4502,0.5275,2.85,0.0638,0.518233,0.2119,0.3
10200,0.01453,0.4764,0.4776,0.4705,0.478,0.4892,0.4912,0.4786,0.4727,0.4648,0.459,0.4874,0.4955,1.99,0.0836,0.632428,0.2251,0.3
10400,0.01158,0.5057,0.4796,0.4895,0.4892,0.4887,0.4665,0.4813,0.469,0.4774,0.4812,0.4513,0.5344,2.48,0.0922,0.565517,0.2011,0.3
10600,0.01492,0.4826,0.5099,0.4959,0.4817,0.4726,0.4955,0.4771,0.4621,0.4925,0.4612,0.454,0.5317,3.78,0.1007,0.418555,0.139,0.3
10800,0.05511,0.4845,0.4956,0.5029,0.4871,0.4865,0.4976,0.4813,0.4788,0.4841,0.4552,0.4702,0.5064,4.21,0.0697,0.378928,0.177,0.3
11000,0.02286,0.5037,0.5024,0.5018,0.4946,0.473,0.476,0.4681,0.4612,0.4564,0.462,0.4626,0.5004,2.43,0.0758,0.570895,0.2003,0.3
11200,0.03258,0.4883,0.4858,0.5092,0.5002,0.4678,0.4723,0.4718,0.4607,0.457,0.453,0.47,0.5385,2.91,0.0806,0.511751,0.1929,0.3
11400,0.07257,0.4794,0.4929,0.4744,0.4703,0.4822,0.4979,0.4634,0.4603,0.4842,0.4731,0.4689,0.518,2.17,0.0387,0.607156,0.1308,0.3
11600,0.02744,0.4787,0.4986,0.4755,0.4838,0.4893,0.4839,0.4633,0.4898,0.4698,0.4719,0.4542,0.4933,3.16,0.0533,0.482663,0.1952,0.3
11800,0.10769,0.4928,0.479,0.4876,0.4739,0.4762,0.4893,0.4994,0.4606,0.4687,0.4891,0.4813,0.5385,3.09,0.0505,0.491021,0.1755,0.3
12000,0.11703,0.5079,0.4902,0.4944,0.4699,0.5001,0.4953,0.475,0.4811,0.4822,0.4755,0.4786,0.5312,3.08,0.1153,0.491726,0.2187,0.3
12200,0.07406,0.4919,0.5038,0.4728,0.503,0.4743,0.476,0.4781,0.4594,0.4663,0.4651,0.4759,0.5204,3.74,0.0751,0.422635,0.1889,0.3
12400,0.06363,0.4968,0.4836,0.4912,0.4712,0.5026,0.4822,0.4911,0.497,0.4816,0.4604,0.4793,0.5492,1.08,0.073,0.780054,0.2202,0.3
12600,0.03929,0.4758,0.4922,0.4792,0.4801,0.4704,0.486,0.4894,0.4576,0.4817,0.4782,0.4571,0.5161,2.74,0.0759,0.532098,0.1724,0.3
12800,0.06931,0.5016,0.5004,0.4961,0.482,0.4807,0.4654,0.4856,0.4891,0.4596,0.4558,0.4523,0.5255,4.4,0.1142,0.363403,0.2112,0.3
13000,0.06491,0.486,0.4817,0.4966,0.4676,0.4669,0.4637,0.4785,0.4653,0.4937,0.4846,0.4705,0.5229,-0.04,0.0546,1.009878,0.1743,0.3
13200,0.03145,0.511,0.5012,0.4953,0.5008,0.5009,0.4743,0.4612,0.4625,0.4578,0.4766,0.4541,0.5361,1.56,0.057,0.698518,0.1718,0.3
13400,0.02674,0.4925,0.4795,0.4803,0.5006,0.4703,0.4801,0.4681,0.495,0.4694,0.4608,0.478,0.5128,3.27,0.0519,0.470706,0.1977,0.3
13600,0.08858,0.4991,0.4847,0.4747,0.5057,0.4691,0.5007,0.4941,0.465,0.4904,0.4608,0.4863,0.5454,1.17,0.0538,0.76436,0.2278,0.3
13800,0.0272,0.4818,0.4993,0.4709,0.4737,0.4699,0.4745,0.4879,0.4706,0.4567,0.4555,0.4813,0.5086,2.14,0.0829,0.61164,0.1586,0.3
14000,0.03051,0.5136,0.4826,0.4755,0.4867,0.5035,0.4902,0.4819,0.4583,0.4762,0.4876,0.4636,0.5192,1.37,0.063,0.730004,0.2086,0.3
14200,0.01547,0.5122,0.5121,0.4761,0.4909,0.4826,0.501,0.4998,0.4625,0.482,0.4888,0.4809,0.5356,2.09,0.0569,0.618677,0.1669,0.3
14400,0.01391,0.4761,0.494,0.4922,0.4714,0.4939,0.469,0.4952,0.4889,0.4622,0.4807,0.4888,0.5008,1.88,0.0691,0.649194,0.1765,0.3
14600,0.08908,0.4786,0.4802,0.5095,0.4905,0.4653,0.4713,0.4604,0.4921,0.4887,0.4736,0.4528,0.5062,0.56,0.084,0.879887,0.1936,0.3
14800,0.02642,0.4991,0.4853,0.4919,0.4949,0.4741,0.497,0.4671,0.4728,0.4564,0.4683,0.4592,0.4911,2.97,0.0819,0.504124,0.255,0.3
15000,0.05617,0.4887,0.4779,0.501,0.4998,0.4717,0.477,0.4653,0.4956,0.4647,0.4589,0.4885,0.5145,0.6,0.0627,0.870349,0.2126,0.3
15200,0.01477,0.4912,0.4862,0.475,0.4736,0.4967,0.4703,0.4793,0.4783,0.4563,0.4906,0.4518,0.5147,3.04,0.1101,0.497103,0.2006,0.3
15400,0.05565,0.4908,0.4775,0.4806,0.4837,0.4816,0.5013,0.4703,0.458,0.4629,0.4732,0.4538,0.5151,2.81,0.0677,0.523717,0.1615,0.3
15600,0.01397,0.5036,0.4808,0.4769,0.4815,0.4971,0.4681,0.4797,0.4849,0.4777,0.4836,0.4684,0.501,3.37,0.0973,0.460121,0.2168,0.3
15800,0.05662,0.508,0.4864,0.4796,0.4837,0.4691,0.4719,0.4822,0.4702,0.4918,0.4783,0.4764,0.5136,1.01,0.0865,0.792519,0.2582,0.3
16000,0.08769,0.5079,0.4956,0.5078,0.4977,0.4944,0.4733,0.4718,0.4946,0.4904,0.46,0.467,0.5118,3.83,0.1085,0.414304,0.1262,0.3
16200,0.05027,0.5053,0.4794,0.5088,0.4954,0.4981,0.4729,0.4809,0.4618,0.4744,0.4568,0.4883,0.547,2.82,0.0722,0.522391,0.1929,0.3
16400,0.08077,0.499,0.4859,0.4757,0.5027,0.4854,0.5004,0.4842,0.4767,0.4749,0.4874,0.4733,0.5487,4.21,0.0881,0.379427,0.1943,0.3
16600,0.07764,0.4779,0.4768,0.5045,0.4992,0.497,0.4961,0.4754,0.4939,0.4836,0.4756,0.4805,0.5485,2.27,0.0723,0.592295,0.1831,0.3
16800,0.04663,0.4768,0.4885,0.4727,0.4775,0.4757,0.4881,0.4795,0.4851,0.4711,0.4677,0.4623,0.536,3.24,0.0754,0.473975,0.1773,0.3
17000,0.01981,0.4786,0.4894,0.5097,0.4772,0.5045,0.4892,0.4617,0.4745,0.4717,0.4643,0.4618,0.5391,3.38,0.1375,0.459412,0.1856,0.3
17200,0.02025,0.5083,0.5033,0.5008,0.4811,0.4852,0.4703,0.4802,0.4806,0.4758,0.4866,0.4872,0.5041,1.59,0.078,0.69334,0.2339,0.3
17400,0.0268,0.4991,0.5087,0.471,0.4918,0.501,0.4787,0.4764,0.4954,0.4654,0.4679,0.4883,0.5313,2.87,0.0572,0.516786,0.1214,0.3
17600,0.12597,0.4984,0.5013,0.5065,0.4818,0.467,0.4993,0.4744,0.4884,0.4894,0.4743,0.4586,0.545,3.37,0.087,0.460418,0.1654,0.3
17800,0.05259,0.4984,0.5107,0.4862,0.4989,0.4999,0.4642,0.4663,0.4794,0.4675,0.4894,0.4708,0.5167,2.19,0.0855,0.603953,0.1989,0.3
18000,0.02951,0.494,0.5069,0.5041,0.4759,0.4851,0.4684,0.4759,0.4639,0.4835,0.4851,0.4732,0.4915,3.27,0.1214,0.471206,0.2088,0.3
18200,0.0366,0.5142,0.4971,0.4765,0.4897,0.4916,0.4965,0.4873,0.479,0.489,0.4615,0.4842,0.525,1.44,0.0548,0.717923,0.1806,0.3
18400,0.03813,0.4891,0.5099,0.4999,0.5009,0.4971,0.4797,0.4699,0.4611,0.4657,0.4666,0.4684,0.548,1.42,0.0733,0.720567,0.259,0.3
18600,0.03139,0.4917,0.4961,0.4809,0.4958,0.499,0.4895,0.4911,0.4965,0.4652,0.4841,0.4559,0.543,3.02,0.1053,0.499024,0.1979,0.3
18800,0.02092,0.4896,0.5,0.4852,0.4785,0.4988,0.4965,0.4966,0.4953,0.4578,0.4885,0.4659,0.5318,3.06,0.06,0.493895,0.171,0.3
19000,0.01907,0.4973,0.4867,0.4913,0.4773,0.4987,0.4707,0.4842,0.4675,0.4881,0.4562,0.4703,0.5439,2.4,0.068,0.575002,0.2028,0.3
19200,0.01113,0.4822,0.4811,0.4852,0.4752,0.4675,0.4847,0.49,0.4663,0.4931,0.4558,0.4875,0.5372,2.87,0.0721,0.516216,0.1474,0.3
19400,0.01211,0.4977,0.4888,0.4836,0.4894,0.4921,0.4896,0.4697,0.4768,0.4845,0.47,0.4887,0.4923,1.24,0.0841,0.752256,0.3092,0.3
19600,0.03381,0.483,0.4852,0.4744,0.4706,0.4756,0.4859,0.4999,0.4973,0.4672,0.4819,0.4787,0.5381,3.61,0.0791,0.435744,0.2086,0.3
19800,0.01729,0.5085,0.4937,0.4704,0.4989,0.5021,0.4887,0.4824,0.4903,0.4748,0.4621,0.4637,0.5274,2.76,0.0656,0.529326,0.1966,0.3
20000,0.06879,0.4936,0.4901,0.4971,0.4946,0.4687,0.476,0.47,0.4815,0.4731,0.4732,0.4791,0.5114,2.44,0.0824,0.569646,0.2114,0.3
20200,0.01761,0.4761,0.4762,0.4751,0.4811,0.501,0.4698,0.4758,0.479,0.4866,0.4749,0.4718,0.4949,2.82,0.0634,0.521942,0.1823,0.3
20400,0.06265,0.4864,0.4734,0.482,0.4941,0.471,0.4943,0.4862,0.4676,0.4591,0.455,0.4893,0.5198,1.72,0.0675,0.672481,0.1641,0.3
20600,0.03937,0.5137,0.5101,0.4913,0.4693,0.5039,0.4844,0.4688,0.4698,0.494,0.4533,0.4765,0.544,3.25,0.1168,0.473398,0.1706,0.3
20800,0.04752,0.4872,0.5028,0.5003,0.4834,0.4924,0.4861,0.4998,0.4781,0.4697,0.4775,0.4764,0.5084,3.1,0.0883,0.48938,0.1733,0.3
21000,0.02506,0.4795,0.5104,0.4842,0.486,0.4859,0.4771,0.4928,0.4767,0.4758,0.476,0.4788,0.4923,1.92,0.059,0.642849,0.1723,0.3
21200,0.05736,0.5021,0.5084,0.4773,0.4702,0.4733,0.4796,0.4734,0.4828,0.481,0.4852,0.4509,0.5246,3.42,0.09,0.454512,0.2302,0.3
21400,0.02044,0.4755,0.4749,0.5075,0.4697,0.4882,0.4873,0.4646,0.4647,0.4765,0.4791,0.4636,0.4908,2.25,0.0831,0.596346,0.1879,0.3
21600,0.07839,0.4893,0.508,0.5042,0.4906,0.484,0.4814,0.4882,0.4905,0.483,0.4555,0.4802,0.5413,1.31,0.0125,0.739896,0.2206,0.3
21800,0.03372,0.4992,0.4888,0.4949,0.4867,0.4841,0.4814,0.4607,0.4848,0.4927,0.4743,0.4894,0.5238,2.18,0.1148,0.604646,0.2166,0.3
22000,0.02855,0.4844,0.4873,0.4731,0.4917,0.477,0.4718,0.4672,0.4821,0.4935,0.4735,0.4776,0.5477,1.8,0.1218,0.660598,0.2684,0.3
22200,0.03317,0.5049,0.5002,0.4859,0.4998,0.4682,0.499,0.4896,0.4648,0.4667,0.4652,0.4898,0.5241,2.61,0.0601,0.547665,0.208,0.3
22400,0.05365,0.4773,0.4845,0.5011,0.505,0.4821,0.4705,0.4902,0.467,0.4563,0.4814,0.4656,0.5355,3.65,0.071,0.431895,0.1515,0.3
22600,0.11969,0.4759,0.5028,0.4724,0.4979,0.4983,0.4899,0.4965,0.4708,0.4872,0.4767,0.4522,0.5176,1.12,0.1106,0.773425,0.2482,0.3
22800,0.06248,0.4879,0.4816,0.5051,0.4741,0.5014,0.4662,0.4907,0.4777,0.4871,0.4583,0.4582,0.4902,3.92,0.1023,0.405904,0.2523,0.3
23000,0.06353,0.5011,0.4884,0.5019,0.5011,0.4996,0.4904,0.4636,0.4834,0.481,0.4807,0.4638,0.5007,2.95,0.1222,0.506472,0.1794,0.3
23200,0.01389,0.4971,0.4997,0.4936,0.4894,0.4838,0.4646,0.4818,0.476,0.4678,0.4867,0.463,0.5076,2.55,0.074,0.556417,0.2029,0.3
23400,0.03845,0.5063,0.4952,0.5061,0.4736,0.4655,0.4929,0.4796,0.4683,0.4577,0.4836,0.4693,0.5044,2.03,0.0916,0.626972,0.1819,0.3
23600,0.02352,0.4846,0.4813,0.4879,0.507,0.4819,0.4913,0.4642,0.4747,0.4725,0.4597,0.4555,0.5256,4.11,0.0822,0.388303,0.1289,0.3
23800,0.03142,0.4977,0.4978,0.4857,0.469,0.4943,0.4772,0.4981,0.4575,0.4633,0.4768,0.472,0.5151,1.84,0.0958,0.653915,0.2415,0.3
24000,0.03979,0.4951,0.4857,0.5003,0.4827,0.4802,0.47,0.4767,0.4796,0.4662,0.4569,0.4613,0.5205,1.83,0.0543,0.656649,0.1777,0.3
24200,0.02655,0.4809,0.4867,0.4707,0.5071,0.4681,0.4839,0.4752,0.4773,0.4607,0.4705,0.4681,0.5337,2.58,0.062,0.552132,0.153,0.3
24400,0.02587,0.4954,0.4868,0.4968,0.495,0.4792,0.5007,0.4867,0.4734,0.4684,0.4563,0.4597,0.4997,1.9,0.0804,0.646386,0.2152,0.3
24600,0.048,0.4839,0.504,0.4961,0.4899,0.4844,0.4952,0.4774,0.4749,0.4886,0.4783,0.4721,0.5139,3.22,0.1191,0.476833,0.2178,0.3
24800,0.04528,0.4783,0.5061,0.4948,0.4983,0.4842,0.4773,0.4608,0.4937,0.4617,0.4898,0.4717,0.5147,1.52,0.113,0.704088,0.2213,0.3
25000,0.14916,0.5061,0.4796,0.5057,0.4676,0.4817,0.4819,0.4885,0.4925,0.4834,0.4589,0.4742,0.5393,2.04,0.1143,0.625542,0.2242,0.3
25200,0.04547,0.5074,0.4833,0.4845,0.4813,0.4751,0.47,0.4626,0.463,0.4594,0.4699,0.4884,0.5455,2.68,0.0846,0.539629,0.204,0.3
25400,0.03399,0.4936,0.4824,0.4794,0.4948,0.4944,0.4898,0.4917,0.4837,0.4811,0.4635,0.4837,0.5398,1.01,0.0856,0.792872,0.1889,0.3
25600,0.03614,0.5143,0.5103,0.482,0.5027,0.4802,0.4934,0.4876,0.4969,0.4831,0.4767,0.4528,0.5489,2.23,0.0772,0.599055,0.1697,0.3
25800,0.06894,0.511,0.493,0.4814,0.4939,0.4949,0.4651,0.4667,0.462,0.4794,0.4595,0.4665,0.5166,1.73,0.0924,0.671535,0.162,0.3
26000,0.03373,0.4813,0.5069,0.4953,0.4703,0.4774,0.4879,0.4864,0.4661,0.4864,0.4735,0.4868,0.5052,2.37,0.0578,0.579769,0.1817,0.3
26200,0.03619,0.4845,0.4995,0.4896,0.4933,0.4711,0.4939,0.4626,0.4837,0.4922,0.4561,0.4754,0.5281,1.7,0.0754,0.67637,0.188,0.3
26400,0.01813,0.4958,0.5001,0.4923,0.4935,0.4704,0.4874,0.4876,0.4832,0.4614,0.4619,0.4595,0.5356,4.21,0.141,0.379251,0.2216,0.3
26600,0.01423,0.5058,0.5002,0.4876,0.4799,0.471,0.4708,0.4687,0.4697,0.4804,0.4646,0.4647,0.5094,0.74,0.0825,0.844162,0.1878,0.3
26800,0.18003,0.5064,0.5089,0.5045,0.4826,0.5023,0.468,0.4818,0.4627,0.4772,0.4641,0.4775,0.5476,2.33,0.1283,0.584921,0.1879,0.3
27000,0.01597,0.4908,0.4732,0.4984,0.4703,0.4729,0.4979,0.4786,0.4691,0.4681,0.4666,0.4773,0.5435,2.96,0.0974,0.505534,0.1795,0.3
27200,0.02659,0.4874,0.4743,0.5095,0.4719,0.4842,0.478,0.4906,0.4902,0.4829,0.4717,0.4756,0.5388,3.09,0.0802,0.490888,0.1677,0.3
27400,0.02552,0.4981,0.4885,0.4785,0.4976,0.4678,0.4734,0.4993,0.4823,0.4781,0.4915,0.453,0.5496,2.09,0.0536,0.617426,0.1777,0.3
27600,0.12166,0.49,0.4766,0.4902,0.4693,0.4901,0.4761,0.4712,0.4892,0.455,0.488,0.4797,0.5154,1.49,0.0524,0.709821,0.2012,0.3
27800,0.02089,0.5107,0.5108,0.5008,0.4914,0.4887,0.4704,0.4848,0.4759,0.4766,0.4545,0.4673,0.5171,2.32,0.0848,0.586097,0.2008,0.3
28000,0.06298,0.5123,0.4793,0.4788,0.4849,0.4818,0.4668,0.4722,0.4689,0.4936,0.4812,0.4654,0.5195,2.75,0.0789,0.53081,0.2086,0.3
28200,0.01336,0.4886,0.4819,0.4951,0.4972,0.4832,0.4765,0.4881,0.4641,0.4665,0.4821,0.4857,0.519,1.28,0.0749,0.745242,0.2135,0.3
28400,0.02271,0.5067,0.4973,0.4779,0.4893,0.4674,0.4935,0.4975,0.4879,0.484,0.46,0.468,0.5413,1.7,0.0473,0.676643,0.2444,0.3
28600,0.02471,0.5029,0.4834,0.4765,0.4754,0.4782,0.4639,0.4753,0.4618,0.4809,0.4777,0.4849,0.5401,3.25,0.1105,0.47349,0.1816,0.3
28800,0.06275,0.5088,0.4906,0.4849,0.4901,0.484,0.4768,0.4835,0.4639,0.4902,0.453,0.466,0.4994,3.32,0.1165,0.465932,0.2112,0.3
29000,0.02437,0.4949,0.4916,0.4766,0.4909,0.469,0.4659,0.4706,0.4962,0.4851,0.474,0.4716,0.5007,1.97,0.0758,0.635594,0.2653,0.3
29200,0.01775,0.4812,0.5117,0.5023,0.4829,0.4684,0.4888,0.4821,0.4947,0.4846,0.4633,0.4881,0.5416,3.26,0.1112,0.471775,0.1663,0.3
29400,0.03557,0.498,0.5067,0.4969,0.501,0.4706,0.5018,0.48,0.4691,0.4836,0.4722,0.4624,0.5192,2.22,0.087,0.599898,0.2046,0.3
29600,0.05783,0.498,0.4902,0.4999,0.5072,0.4781,0.4686,0.4868,0.468,0.4726,0.472,0.4657,0.5217,2.49,0.0863,0.563978,0.1606,0.3
29800,0.02811,0.4953,0.4994,0.4878,0.4852,0.4957,0.49,0.4768,0.4787,0.4744,0.4772,0.4634,0.51,3.09,0.0555,0.49115,0.2307,0.3
30000,0.02323,0.4757,0.5036,0.4779,0.486,0.4895,0.4727,0.4953,0.474,0.4612,0.466,0.4614,0.495,2.95,0.0908,0.506676,0.2039,0.3
30200,0.06612,0.5109,0.507,0.4921,0.4927,0.4762,0.4638,0.477,0.487,0.4662,0.4749,0.4664,0.5104,1.28,0.0631,0.745552,0.1461,0.3
30400,0.06459,0.5073,0.4944,0.4721,0.4948,0.4673,0.4837,0.4747,0.4827,0.4621,0.4778,0.453,0.5099,1.63,0.085,0.686602,0.247,0.3
30600,0.03428,0.509,0.493,0.4715,0.4926,0.4772,0.4761,0.493,0.4712,0.4918,0.4882,0.4677,0.5303,1.86,0.0715,0.651369,0.2045,0.3
30800,0.04002,0.5022,0.5026,0.5091,0.4739,0.4819,0.4833,0.4748,0.4647,0.487,0.488,0.4625,0.5075,2.67,0.0962,0.540146,0.1849,0.3
31000,0.02535,0.4844,0.4819,0.5097,0.5005,0.4669,0.4708,0.4954,0.471,0.4735,0.4645,0.461,0.5371,3.6,0.0895,0.436485,0.1805,0.3
31200,0.04669,0.4998,0.5099,0.4777,0.4818,0.4874,0.4999,0.4946,0.4587,0.4655,0.4588,0.4742,0.5324,3.53,0.0692,0.443748,0.1903,0.3
31400,0.02513,0.509,0.4859,0.5042,0.4906,0.4764,0.4781,0.4842,0.4685,0.4579,0.4666,0.457,0.5053,2.95,0.0824,0.506562,0.2131,0.3
31600,0.02684,0.4886,0.4899,0.478,0.472,0.5033,0.481,0.4615,0.4843,0.4912,0.4567,0.4792,0.5169,0.9,0.0564,0.812346,0.2057,0.3
31800,0.01863,0.5106,0.4804,0.4766,0.4976,0.4936,0.485,0.4911,0.4905,0.4922,0.4641,0.4676,0.5247,2.38,0.0802,0.578243,0.2026,0.3
32000,0.05358,0.4821,0.4778,0.4999,0.5052,0.4921,0.4741,0.4909,0.4751,0.4887,0.4559,0.454,0.5461,3.27,0.0523,0.471124,0.2272,0.3
32200,0.01817,0.4876,0.4784,0.5014,0.4905,0.4882,0.4868,0.4895,0.4947,0.4683,0.4552,0.4613,0.5084,3.14,0.1559,0.485304,0.1829,0.3
32400,0.03751,0.4963,0.5035,0.4799,0.5044,0.4704,0.4804,0.4605,0.4848,0.4568,0.4779,0.479,0.5404,2.65,0.096,0.543735,0.2118,0.3
32600,0.0647,0.4788,0.4732,0.48,0.483,0.4796,0.5012,0.4853,0.4707,0.4779,0.4875,0.4745,0.5453,2.71,0.0866,0.535825,0.1629,0.3
32800,0.08469,0.4861,0.4816,0.4866,0.4905,0.4736,0.4725,0.4807,0.4789,0.4833,0.4879,0.4687,0.5082,1.06,0.0754,0.783384,0.2219,0.3
33000,0.10419,0.5099,0.4993,0.5033,0.5035,0.5002,0.4941,0.4747,0.4833,0.4901,0.453,0.4775,0.5091,2.54,0.0752,0.557687,0.1761,0.3
33200,0.03391,0.4917,0.4987,0.4981,0.4775,0.4899,0.4955,0.4755,0.4689,0.4779,0.4576,0.4608,0.5439,3.68,0.0875,0.428121,0.1536,0.3
33400,0.14055,0.4825,0.4899,0.4755,0.4952,0.4707,0.487,0.4628,0.4831,0.4715,0.4738,0.4644,0.54,2.3,0.0357,0.589379,0.2226,0.3
33600,0.0756,0.509,0.4877,0.4976,0.4753,0.4857,0.4628,0.4964,0.4956,0.4657,0.4625,0.48,0.5473,3.17,0.0671,0.48242,0.1687,0.3
33800,0.03139,0.4878,0.505,0.5028,0.4961,0.4722,0.4905,0.4937,0.4799,0.4866,0.455,0.4752,0.5026,1.63,0.0924,0.687527,0.2449,0.3
34000,0.11209,0.5146,0.4804,0.4885,0.4812,0.5033,0.4673,0.4814,0.4859,0.4552,0.4891,0.4893,0.5345,2.55,0.07,0.555656,0.2219,0.3
34200,0.03775,0.4925,0.4966,0.4923,0.4941,0.4752,0.4876,0.4951,0.4915,0.4742,0.4699,0.4794,0.5197,2.35,0.0617,0.582739,0.1718,0.3
34400,0.09353,0.503,0.4945,0.4885,0.4908,0.4682,0.5011,0.4694,0.4665,0.47,0.4747,0.4673,0.509,1.66,0.094,0.682114,0.1658,0.3
34600,0.02715,0.5076,0.4819,0.4738,0.4785,0.5015,0.4917,0.4799,0.4778,0.4868,0.4551,0.4864,0.5223,3.96,0.0485,0.401577,0.2082,0.3
34800,0.03194,0.4794,0.5041,0.4746,0.4958,0.4775,0.4921,0.4999,0.4598,0.4622,0.4538,0.4627,0.5247,2.31,0.0912,0.588115,0.1617,0.3
35000,0.03386,0.4866,0.4925,0.4919,0.4972,0.4976,0.4948,0.4629,0.4747,0.4769,0.4703,0.4783,0.5001,1.3,0.0674,0.740853,0.1876,0.3
35200,0.02651,0.4912,0.4833,0.504,0.4721,0.4713,0.4851,0.4634,0.4807,0.4766,0.468,0.4737,0.5319,3.16,0.0625,0.483349,0.1833,0.3
35400,0.01362,0.4967,0.4883,0.478,0.5072,0.4924,0.4839,0.4669,0.4819,0.4705,0.4901,0.4612,0.5375,1.64,0.0572,0.684992,0.2265,0.3
35600,0.03975,0.5149,0.497,0.4981,0.4866,0.4889,0.4727,0.4787,0.4605,0.4788,0.4657,0.4844,0.5285,1.22,0.0922,0.754788,0.1951,0.3
35800,0.05219,0.4923,0.4867,0.4935,0.5051,0.4675,0.499,0.4761,0.4697,0.4552,0.467,0.4595,0.5286,4.04,0.0781,0.394117,0.1971,0.3
36000,0.06319,0.4981,0.5087,0.5015,0.4923,0.4874,0.4629,0.4871,0.4968,0.4731,0.4863,0.4506,0.5071,2.93,0.082,0.509629,0.2257,0.3
36200,0.02485,0.5095,0.5023,0.4731,0.4682,0.4998,0.4955,0.4829,0.4723,0.4766,0.4804,0.4625,0.5112,1.53,0.042,0.703512,0.1844,0.3
36400,0.05893,0.49,0.4835,0.4801,0.5027,0.4801,0.4697,0.4746,0.4713,0.4686,0.4822,0.4522,0.5134,2.02,0.0623,0.628388,0.1648,0.3
36600,0.03761,0.5025,0.5002,0.4767,0.4709,0.4807,0.4743,0.4764,0.4688,0.4881,0.4766,0.4569,0.493,2.16,0.0763,0.608467,0.2183,0.3
36800,0.01931,0.5089,0.4782,0.4808,0.4846,0.472,0.4905,0.4766,0.4944,0.4713,0.4556,0.4604,0.528,3.74,0.11,0.422637,0.1385,0.3
37000,0.02117,0.4796,0.4734,0.4869,0.4721,0.4724,0.4631,0.4776,0.4872,0.4635,0.4921,0.4567,0.5018,3.32,0.0807,0.465278,0.227,0.3
37200,0.01554,0.5039,0.4753,0.481,0.5054,0.4839,0.4654,0.4844,0.4796,0.4756,0.4585,0.4676,0.5298,4.5,0.0971,0.354596,0.2181,0.3
37400,0.02341,0.5043,0.5035,0.4873,0.4728,0.5016,0.4726,0.4954,0.4891,0.4696,0.4726,0.4748,0.4994,1.95,0.0998,0.638021,0.2582,0.3
37600,0.03952,0.4778,0.4786,0.4812,0.4855,0.4991,0.477,0.4925,0.4693,0.4795,0.4799,0.4705,0.529,1.96,0.0583,0.636492,0.2361,0.3
37800,0.14609,0.49,0.5114,0.4701,0.503,0.5033,0.5009,0.4751,0.496,0.4875,0.4844,0.4853,0.5325,0.82,0.054,0.828292,0.2194,0.3
38000,0.02439,0.4952,0.5093,0.4792,0.4744,0.5008,0.4699,0.4705,0.4609,0.459,0.4595,0.4794,0.5285,1.47,0.0579,0.71226,0.2029,0.3
38200,0.02607,0.4854,0.5108,0.4837,0.47,0.5044,0.4714,0.4817,0.4915,0.467,0.4869,0.4753,0.4933,2.06,0.0934,0.622686,0.2101,0.3
38400,0.02709,0.5108,0.4908,0.4841,0.5033,0.4657,0.4647,0.4967,0.4945,0.4764,0.4823,0.4773,0.4927,3.7,0.0983,0.426413,0.246,0.3
38600,0.04526,0.4866,0.4825,0.5081,0.4965,0.4808,0.4844,0.4768,0.4831,0.4618,0.4816,0.4853,0.5482,2.96,0.0959,0.506007,0.2179,0.3
38800,0.03679,0.4921,0.5012,0.4825,0.5043,0.4815,0.4671,0.4603,0.4942,0.4903,0.4642,0.4823,0.5174,0.86,0.0451,0.820425,0.1975,0.3
39000,0.04293,0.4848,0.5106,0.491,0.4741,0.487,0.4872,0.4696,0.4709,0.4699,0.49,0.4756,0.5415,2.73,0.116,0.533345,0.1868,0.3
39200,0.09808,0.4859,0.4896,0.4835,0.5002,0.5003,0.4853,0.4881,0.4931,0.4612,0.4803,0.4587,0.5366,2.23,0.0722,0.598892,0.2668,0.3
39400,0.06837,0.5106,0.4905,0.472,0.4916,0.4928,0.4887,0.4732,0.4721,0.4786,0.4746,0.4766,0.5335,2.35,0.09,0.582355,0.2055,0.3
39600,0.01927,0.5054,0.5045,0.4905,0.4915,0.4746,0.4845,0.4815,0.4701,0.4904,0.4644,0.4639,0.538,1.3,0.0329,0.740948,0.1929,0.3
39800,0.0683,0.489,0.4775,0.4824,0.5027,0.4989,0.4752,0.4679,0.4961,0.4642,0.4776,0.4582,0.547,2.85,0.0846,0.519305,0.1995,0.3
40000,0.04238,0.5026,0.474,0.4736,0.4754,0.4952,0.4828,0.4975,0.4618,0.4644,0.4863,0.4692,0.49,3.44,0.0996,0.453351,0.1609,0.3
40200,0.03836,0.4952,0.5104,0.5078,0.4725,0.4669,0.4751,0.4744,0.4825,0.4747,0.4827,0.4685,0.5145,0.79,0.0889,0.834008,0.278,0.3
40400,0.0459,0.4979,0.4981,0.4714,0.481,0.4806,0.4952,0.4936,0.4736,0.4908,0.4562,0.4667,0.5055,2.34,0.1109,0.583288,0.2157,0.3
40600,0.01738,0.5108,0.4826,0.5052,0.4982,0.4963,0.4776,0.4897,0.491,0.461,0.456,0.474,0.5107,2.04,0.1032,0.625506,0.1878,0.3
40800,0.05381,0.5022,0.4913,0.5004,0.496,0.466,0.4941,0.4719,0.4844,0.4835,0.4557,0.488,0.5162,2.86,0.0793,0.517216,0.1931,0.3
41000,0.03485,0.4758,0.4949,0.5042,0.4962,0.4708,0.482,0.4693,0.4823,0.472,0.4709,0.4698,0.5423,2.92,0.0801,0.510752,0.183,0.3
41200,0.03087,0.4894,0.4815,0.5094,0.4948,0.4688,0.4813,0.4687,0.4634,0.4806,0.4898,0.4806,0.5047,2.7,0.0985,0.537643,0.2152,0.3
41400,0.0676,0.508,0.4898,0.4722,0.4699,0.4706,0.4732,0.4759,0.4657,0.4719,0.4544,0.4893,0.5379,2.87,0.0789,0.516343,0.1963,0.3
41600,0.02294,0.4755,0.4924,0.5076,0.5008,0.4728,0.4992,0.4808,0.4636,0.4875,0.4677,0.4752,0.5338,2.13,0.0619,0.612276,0.1622,0.3
41800,0.02953,0.503,0.5051,0.4753,0.4831,0.477,0.4669,0.4872,0.4925,0.4728,0.4843,0.4849,0.5008,2.87,0.0976,0.516711,0.2487,0.3
42000,0.13832,0.495,0.4842,0.4871,0.4689,0.4772,0.4736,0.4775,0.4889,0.4739,0.4779,0.4706,0.5061,1.91,0.0662,0.643476,0.1673,0.3
42200,0.04179,0.4919,0.5048,0.4783,0.4978,0.4929,0.4776,0.4974,0.4771,0.4775,0.4761,0.4894,0.4908,3.23,0.0683,0.475871,0.2078,0.3
42400,0.02491,0.5103,0.5112,0.4936,0.497,0.4875,0.4886,0.4633,0.4854,0.4711,0.4787,0.4758,0.5409,2.59,0.1122,0.550196,0.2215,0.3
42600,0.0208,0.5074,0.5086,0.4866,0.482,0.4926,0.4946,0.4788,0.4918,0.4688,0.4596,0.4786,0.5402,2.32,0.0689,0.585498,0.2069,0.3
42800,0.13249,0.5077,0.4915,0.483,0.4701,0.4761,0.5,0.4657,0.4737,0.4809,0.4721,0.4884,0.5072,3.34,0.0796,0.463067,0.1629,0.3
43000,0.04903,0.4796,0.4797,0.4972,0.4922,0.4798,0.4993,0.4648,0.4581,0.4739,0.4688,0.4584,0.5124,1.66,0.0453,0.681857,0.172,0.3
43200,0.03157,0.482,0.4789,0.4768,0.4862,0.5032,0.4966,0.4603,0.4645,0.4619,0.4776,0.4731,0.5198,3.3,0.0892,0.467295,0.1678,0.3
43400,0.02165,0.5085,0.4862,0.5032,0.4823,0.4684,0.491,0.4741,0.466,0.4606,0.461,0.4877,0.5421,1.46,0.0586,0.713945,0.2409,0.3
43600,0.02139,0.4961,0.5119,0.4716,0.4778,0.483,0.4779,0.4882,0.4815,0.4882,0.4775,0.4582,0.4931,2.47,0.0273,0.566458,0.2053,0.3
43800,0.01034,0.483,0.5079,0.5069,0.4726,0.4682,0.4737,0.4662,0.4617,0.4767,0.4872,0.4667,0.5187,1.74,0.0904,0.670222,0.1993,0.3
44000,0.04982,0.4875,0.4858,0.507,0.4809,0.4865,0.4895,0.477,0.4914,0.4755,0.4688,0.4567,0.5353,1.94,0.0919,0.639296,0.2084,0.3
44200,0.05167,0.486,0.4928,0.5069,0.4778,0.4696,0.4657,0.4779,0.4842,0.4617,0.4608,0.4515,0.5406,2.68,0.0549,0.53916,0.1369,0.3
44400,0.12602,0.5033,0.5021,0.4986,0.4834,0.5028,0.4761,0.4808,0.4596,0.4934,0.4541,0.4867,0.5292,1.5,0.077,0.707405,0.2155,0.3
44600,0.13451,0.5017,0.4772,0.4852,0.4938,0.4919,0.4655,0.4639,0.4875,0.4919,0.4792,0.4555,0.5159,2.03,0.0805,0.626539,0.2336,0.3
44800,0.01732,0.4882,0.4768,0.5091,0.4688,0.4952,0.465,0.4947,0.4957,0.4924,0.4904,0.4659,0.5402,1.37,0.0594,0.729129,0.2334,0.3
45000,0.06293,0.5098,0.4911,0.4843,0.4708,0.4994,0.4812,0.4625,0.4839,0.4941,0.4628,0.4762,0.4973,3.55,0.131,0.44166,0.2159,0.3
45200,0.01337,0.4881,0.4785,0.4721,0.5051,0.4673,0.4702,0.4805,0.4822,0.4721,0.4791,0.4873,0.495,2.55,0.0438,0.55595,0.1783,0.3
45400,0.04511,0.4928,0.5085,0.4771,0.5034,0.4877,0.4668,0.4612,0.4641,0.4825,0.4833,0.4668,0.5137,1.58,0.1105,0.694557,0.2195,0.3
45600,0.02564,0.5029,0.4769,0.4756,0.4856,0.4816,0.4992,0.4864,0.4675,0.4675,0.4837,0.489,0.5436,2.84,0.0867,0.519558,0.2075,0.3
45800,0.08422,0.505,0.5046,0.4827,0.5018,0.4904,0.4795,0.4808,0.4935,0.4831,0.4679,0.4506,0.503,4.01,0.0841,0.397137,0.1803,0.3
46000,0.01928,0.4932,0.4791,0.5099,0.477,0.4993,0.47,0.4612,0.4627,0.4783,0.4573,0.4829,0.5479,1.15,0.0409,0.7668,0.2533,0.3
46200,0.03369,0.485,0.4958,0.4996,0.4995,0.5035,0.4668,0.4663,0.4899,0.4807,0.4564,0.4816,0.5062,2.93,0.1066,0.509825,0.2065,0.3
46400,0.03076,0.502,0.4906,0.5005,0.4893,0.4739,0.4731,0.4946,0.4858,0.4761,0.4768,0.4768,0.5383,0.95,0.0536,0.804388,0.2289,0.3
46600,0.03913,0.5113,0.4968,0.4768,0.5069,0.4723,0.4865,0.4661,0.4956,0.4783,0.4543,0.46,0.5004,3.74,0.0938,0.422319,0.2269,0.3
46800,0.03936,0.5135,0.4776,0.4874,0.4806,0.4934,0.4924,0.4771,0.4711,0.4799,0.4559,0.4731,0.5245,2.67,0.0315,0.540942,0.1299,0.3
47000,0.09099,0.4764,0.49,0.4969,0.4933,0.4909,0.4867,0.4664,0.4876,0.4895,0.491,0.4604,0.5383,3.14,0.0832,0.485611,0.1965,0.3
47200,0.07998,0.4887,0.5062,0.4762,0.4951,0.4864,0.4808,0.4942,0.4811,0.4753,0.4653,0.4647,0.5334,1.6,0.0859,0.691916,0.1851,0.3
47400,0.03235,0.4856,0.4807,0.508,0.5026,0.4853,0.4804,0.4678,0.4921,0.4736,0.4803,0.4683,0.5379,3.81,0.0685,0.41621,0.1814,0.3
47600,0.02143,0.5129,0.4846,0.5039,0.4811,0.4928,0.4858,0.4786,0.4904,0.4594,0.4815,0.482,0.5126,2.96,0.075,0.505799,0.1637,0.3
47800,0.03544,0.5016,0.504,0.5061,0.5017,0.4958,0.4661,0.4631,0.4835,0.4714,0.4687,0.4503,0.4969,3.2,0.0995,0.478665,0.2183,0.3
48000,0.06388,0.4986,0.4951,0.5076,0.4895,0.49,0.4686,0.4617,0.4648,0.4628,0.4855,0.4612,0.493,2.38,0.1137,0.578714,0.2011,0.3
48200,0.07746,0.5102,0.5082,0.4819,0.4991,0.5017,0.4958,0.4812,0.4742,0.4552,0.4902,0.4805,0.5124,3.66,0.1019,0.43024,0.1591,0.3
48400,0.02668,0.4865,0.4825,0.5089,0.4718,0.4654,0.471,0.4804,0.4709,0.4914,0.4814,0.4558,0.5346,2.82,0.0716,0.522997,0.1698,0.3
48600,0.02959,0.4803,0.4905,0.4788,0.5038,0.491,0.4708,0.4612,0.4802,0.4918,0.4751,0.4864,0.5439,2.66,0.0877,0.541957,0.1934,0.3
48800,0.08705,0.4785,0.5099,0.4846,0.4702,0.4894,0.4804,0.4689,0.4786,0.4777,0.4573,0.4509,0.4909,2.43,0.0636,0.571855,0.1341,0.3
49000,0.03122,0.4777,0.4824,0.482,0.4831,0.4738,0.4683,0.4749,0.4911,0.4905,0.4827,0.4594,0.4915,3.62,0.0918,0.434651,0.2143,0.3
49200,0.06272,0.5005,0.483,0.4958,0.4739,0.501,0.4641,0.4677,0.4744,0.4592,0.4826,0.477,0.4913,2.64,0.0964,0.543992,0.1729,0.3
49400,0.01829,0.4826,0.4857,0.5087,0.4908,0.4801,0.473,0.4967,0.4698,0.4558,0.462,0.4849,0.5102,2.67,0.095,0.540395,0.1702,0.3
49600,0.06852,0.488,0.4928,0.4888,0.4684,0.473,0.4911,0.4638,0.4713,0.48,0.4683,0.4846,0.5262,2.8,0.0811,0.525217,0.1889,0.3
49800,0.02214,0.5053,0.5036,0.4751,0.492,0.474,0.4831,0.4769,0.4596,0.4907,0.4545,0.4885,0.4937,3.56,0.0907,0.440474,0.1525,0.3
50000,0.04872,0.5046,0.5104,0.4732,0.4817,0.4763,0.4895,0.4745,0.4635,0.4701,0.4848,0.4872,0.5308,2.25,0.0681,0.595903,0.1705,0.3
50200,0.02084,0.4872,0.4894,0.4869,0.4813,0.4831,0.4991,0.4799,0.4713,0.4894,0.4737,0.4856,0.5347,3.75,0.0965,0.421816,0.1873,0.3
50400,0.06621,0.486,0.4783,0.4911,0.4962,0.4924,0.4845,0.4739,0.4947,0.4888,0.4641,0.4542,0.5188,2.94,0.1072,0.507966,0.2601,0.3
50600,0.03909,0.4955,0.4762,0.4762,0.4985,0.4689,0.4978,0.4751,0.472,0.4912,0.4703,0.4738,0.5202,2.99,0.0714,0.502906,0.169,0.3
50800,0.0727,0.4961,0.5117,0.4782,0.4764,0.4923,0.4951,0.4991,0.459,0.4938,0.4904,0.4738,0.5419,2.9,0.0818,0.512332,0.1366,0.3
51000,0.04887,0.4802,0.4749,0.5028,0.4897,0.4785,0.4817,0.4855,0.4834,0.4603,0.4674,0.4732,0.5324,2.74,0.0734,0.532503,0.2245,0.3
51200,0.06568,0.4923,0.4803,0.486,0.4847,0.4807,0.4878,0.4918,0.4825,0.4793,0.485,0.4541,0.5489,3.06,0.0665,0.494588,0.2426,0.3
51400,0.07313,0.4987,0.4952,0.4822,0.4744,0.4939,0.4902,0.4677,0.4861,0.4775,0.4714,0.4842,0.5176,3.7,0.124,0.426492,0.1901,0.3
51600,0.06498,0.503,0.4949,0.503,0.4815,0.4729,0.4689,0.4992,0.47,0.4607,0.4545,0.4688,0.4934,1.68,0.0711,0.679453,0.2698,0.3
51800,0.09695,0.5036,0.4836,0.5028,0.4908,0.4834,0.4885,0.4962,0.4606,0.4883,0.4854,0.4624,0.5013,2.11,0.0593,0.615821,0.2593,0.3
52000,0.04585,0.5044,0.5038,0.4706,0.4821,0.4892,0.4813,0.4915,0.4905,0.4604,0.4809,0.4822,0.4971,2.01,0.0923,0.629132,0.2172,0.3
52200,0.02726,0.4939,0.504,0.4794,0.5066,0.4947,0.4859,0.487,0.4971,0.4834,0.4648,0.473,0.5153,2.28,0.0905,0.590967,0.217,0.3
52400,0.02014,0.5063,0.4784,0.5013,0.4957,0.4774,0.4868,0.47,0.4722,0.4604,0.4835,0.4837,0.4945,1.61,0.0697,0.690772,0.233,0.3
52600,0.07851,0.5059,0.4993,0.4727,0.4828,0.496,0.4723,0.4836,0.487,0.4817,0.4684,0.4658,0.4901,2.01,0.0932,0.629207,0.1906,0.3
52800,0.01935,0.4837,0.5053,0.4783,0.4866,0.499,0.4816,0.4762,0.4971,0.4706,0.4533,0.4732,0.5334,2.1,0.1153,0.616792,0.1733,0.3
53000,0.05894,0.4999,0.4841,0.5094,0.5008,0.467,0.4774,0.4897,0.4693,0.4918,0.4893,0.4504,0.5011,4.46,0.1045,0.358148,0.2329,0.3
53200,0.02889,0.5064,0.483,0.5011,0.4826,0.4724,0.4825,0.4979,0.4601,0.4789,0.4598,0.4613,0.5272,2.5,0.1058,0.561829,0.2258,0.3
53400,0.09812,0.4866,0.4771,0.5096,0.5005,0.5014,0.4875,0.4938,0.4584,0.4945,0.4837,0.4513,0.5252,0.81,0.0605,0.829683,0.1891,0.3
53600,0.02416,0.5079,0.5067,0.4991,0.4823,0.4767,0.4921,0.478,0.486,0.4897,0.4609,0.4633,0.5075,2.52,0.1223,0.559454,0.2678,0.3
53800,0.04307,0.4844,0.4866,0.4769,0.4725,0.4943,0.4986,0.4669,0.4946,0.4605,0.4915,0.4743,0.5365,3.18,0.0899,0.480987,0.1712,0.3
54000,0.04024,0.4859,0.4916,0.4919,0.4942,0.4767,0.4626,0.4931,0.4595,0.4818,0.4792,0.455,0.5258,4.94,0.1148,0.320635,0.158,0.3
54200,0.03243,0.5078,0.4927,0.4912,0.4739,0.4826,0.4812,0.4901,0.4742,0.4629,0.4781,0.4657,0.5398,1.86,0.0554,0.651338,0.2259,0.3
54400,0.02612,0.4937,0.5008,0.4721,0.4697,0.4792,0.4755,0.4989,0.4597,0.4672,0.4682,0.4843,0.5047,2.94,0.0715,0.507975,0.2482,0.3
54600,0.02267,0.4779,0.4923,0.491,0.4826,0.4768,0.4755,0.4776,0.4612,0.4759,0.4883,0.4647,0.5227,4.11,0.1065,0.388222,0.1996,0.3
54800,0.03999,0.4762,0.508,0.5027,0.5006,0.4927,0.4936,0.496,0.4958,0.4867,0.465,0.4827,0.5431,1.82,0.0855,0.657358,0.2311,0.3
55000,0.04877,0.5098,0.4866,0.4835,0.4923,0.4992,0.474,0.4707,0.4795,0.476,0.4645,0.4659,0.5008,2.26,0.044,0.593689,0.1674,0.3
55200,0.03883,0.5083,0.5059,0.4904,0.4937,0.4893,0.4885,0.4888,0.4734,0.4602,0.4678,0.4717,0.5136,2.23,0.0821,0.597891,0.1816,0.3
55400,0.04292,0.4763,0.485,0.5079,0.4754,0.4854,0.4853,0.4618,0.4828,0.4552,0.4849,0.4817,0.4994,1.73,0.0773,0.671557,0.1925,0.3
55600,0.05879,0.505,0.4824,0.4881,0.4948,0.4904,0.4941,0.4786,0.4949,0.4933,0.483,0.479,0.5222,5.48,0.128,0.283098,0.1878,0.3
55800,0.05512,0.4938,0.5072,0.4982,0.4964,0.4986,0.4675,0.4954,0.4941,0.491,0.4673,0.4539,0.4942,3.72,0.0986,0.424956,0.1566,0.3
56000,0.01072,0.4993,0.4755,0.4965,0.4972,0.4817,0.4859,0.4787,0.495,0.4816,0.4863,0.4697,0.5424,2.58,0.0919,0.55207,0.1294,0.3
56200,0.08827,0.5058,0.4755,0.4998,0.5044,0.4785,0.4804,0.4739,0.4784,0.4789,0.484,0.452,0.5326,1.41,0.0705,0.722299,0.1792,0.3
56400,0.02594,0.4759,0.4989,0.4718,0.5057,0.4898,0.5014,0.4704,0.4936,0.4898,0.4734,0.489,0.5217,1.86,0.0756,0.651159,0.2032,0.3
56600,0.04142,0.4904,0.4981,0.5068,0.4742,0.4717,0.4948,0.4875,0.4788,0.4834,0.4786,0.4781,0.5137,3.47,0.1312,0.450081,0.1717,0.3
56800,0.02829,0.4974,0.4807,0.5099,0.4824,0.4674,0.4914,0.4665,0.4599,0.4712,0.4807,0.4682,0.4906,1.62,0.077,0.688838,0.2036,0.3
57000,0.09206,0.5082,0.4884,0.509,0.4937,0.4952,0.4697,0.4719,0.4785,0.4827,0.4654,0.4572,0.4962,2.83,0.0985,0.521623,0.1963,0.3
57200,0.03966,0.498,0.4843,0.4701,0.5063,0.4985,0.4648,0.4615,0.4847,0.4563,0.4655,0.4539,0.5175,1.59,0.0689,0.692697,0.2377,0.3
57400,0.05646,0.4802,0.4935,0.499,0.506,0.4883,0.4748,0.4744,0.4973,0.4754,0.4899,0.486,0.5484,3.23,0.1038,0.475627,0.1422,0.3
57600,0.04881,0.4927,0.488,0.4971,0.5044,0.5029,0.4743,0.4772,0.4972,0.4844,0.4546,0.4893,0.5452,3.32,0.102,0.465196,0.1594,0.3
57800,0.02624,0.5013,0.4878,0.4949,0.4866,0.4999,0.4987,0.4798,0.4966,0.4591,0.4696,0.4718,0.5057,4.12,0.067,0.387028,0.1859,0.3
58000,0.11038,0.481,0.4771,0.4896,0.5048,0.4847,0.4852,0.4691,0.4904,0.4907,0.4759,0.4554,0.5323,2.87,0.1075,0.516565,0.2181,0.3
58200,0.03411,0.488,0.493,0.4747,0.4992,0.4984,0.4884,0.4771,0.4927,0.4706,0.4618,0.4632,0.499,2.02,0.0718,0.628101,0.2194,0.3
58400,0.0743,0.4837,0.4888,0.4705,0.4795,0.4804,0.497,0.4627,0.4626,0.4663,0.4686,0.4683,0.5349,3.65,0.0644,0.431988,0.1615,0.3
58600,0.03928,0.4886,0.4764,0.4711,0.4826,0.4741,0.4913,0.4971,0.4818,0.4687,0.4615,0.4636,0.495,2.11,0.0558,0.61562,0.1729,0.3
58800,0.06808,0.4923,0.5014,0.4829,0.4678,0.4732,0.4693,0.4606,0.4582,0.4562,0.4666,0.4506,0.5498,2.37,0.0786,0.579912,0.2058,0.3
59000,0.04934,0.4932,0.4959,0.4823,0.4899,0.4675,0.4811,0.4935,0.4842,0.4685,0.4799,0.4734,0.4936,1.19,0.0391,0.759563,0.1881,0.3
59200,0.02782,0.4989,0.5062,0.4727,0.4894,0.4881,0.4779,0.4718,0.4661,0.465,0.4694,0.4891,0.506,1.37,0.0617,0.729753,0.2292,0.3
59400,0.07422,0.4851,0.4776,0.4701,0.4787,0.4978,0.499,0.4757,0.4897,0.4943,0.4831,0.4601,0.514,4.24,0.0908,0.376922,0.1758,0.3
59600,0.02743,0.4921,0.4861,0.4839,0.5033,0.4956,0.4703,0.4652,0.467,0.4695,0.4875,0.463,0.531,3.11,0.0828,0.488882,0.1927,0.3
59800,0.08351,0.4875,0.4878,0.4988,0.4809,0.4911,0.4718,0.4882,0.475,0.4583,0.4856,0.4689,0.5377,3.39,0.1083,0.458614,0.1754,0.3
60000,0.1033,0.5048,0.4891,0.4794,0.4707,0.4823,0.4673,0.4668,0.488,0.478,0.4619,0.4877,0.5252,1.99,0.0649,0.631729,0.1628,0.3
60200,0.09145,0.508,0.4726,0.5009,0.4721,0.4842,0.4771,0.4614,0.4798,0.4584,0.4864,0.4552,0.4917,2.36,0.1002,0.580823,0.1458,0.3
60400,0.05632,0.5049,0.4908,0.487,0.4857,0.473,0.4749,0.4639,0.4855,0.4583,0.4792,0.459,0.5458,2.04,0.0657,0.624902,0.2915,0.3
60600,0.06234,0.4796,0.5036,0.5044,0.4886,0.4878,0.4829,0.4905,0.4696,0.4597,0.456,0.4571,0.5223,1.78,0.0549,0.663887,0.1668,0.3
60800,0.02573,0.4866,0.4779,0.4715,0.4909,0.4945,0.4889,0.4864,0.4712,0.4633,0.4864,0.461,0.525,2.64,0.1197,0.544216,0.203,0.3
61000,0.0453,0.493,0.4726,0.4859,0.5061,0.484,0.4899,0.4696,0.4687,0.4721,0.4581,0.4788,0.5367,2.27,0.0891,0.592707,0.1585,0.3
61200,0.06818,0.4931,0.4922,0.4755,0.4949,0.4693,0.4677,0.4871,0.4952,0.46,0.4757,0.4648,0.5092,3.88,0.0764,0.409556,0.1881,0.3
61400,0.02267,0.4988,0.5086,0.4861,0.4954,0.4979,0.4672,0.4852,0.4649,0.4925,0.4767,0.4777,0.4984,1.89,0.0426,0.646734,0.1908,0.3
61600,0.02244,0.5033,0.4793,0.4915,0.5043,0.4771,0.4787,0.4949,0.4715,0.4631,0.4618,0.4731,0.5317,2.45,0.0922,0.568428,0.2005,0.3
61800,0.01184,0.5018,0.502,0.4831,0.4823,0.4802,0.4732,0.4891,0.479,0.472,0.4836,0.4793,0.511,3.69,0.0822,0.427824,0.1827,0.3
62000,0.02386,0.4935,0.4782,0.4868,0.4866,0.4825,0.4992,0.4767,0.4958,0.4647,0.4759,0.4815,0.5292,1.39,0.0611,0.725585,0.1416,0.3
62200,0.01403,0.5063,0.4862,0.4881,0.4732,0.4795,0.4835,0.471,0.4725,0.4929,0.477,0.4799,0.5,1.71,0.0639,0.673795,0.252,0.3
62400,0.02213,0.4813,0.5114,0.4967,0.4717,0.4997,0.4984,0.4964,0.4683,0.4669,0.4558,0.4898,0.5217,0.72,0.0966,0.846299,0.2237,0.3
62600,0.02092,0.4945,0.485,0.4802,0.4716,0.4691,0.4934,0.4631,0.4678,0.4622,0.4908,0.4512,0.5305,3.75,0.07,0.421836,0.2513,0.3
62800,0.02929,0.4941,0.4853,0.4738,0.4939,0.4728,0.4846,0.4929,0.4693,0.4666,0.456,0.4581,0.5413,2.48,0.1163,0.565197,0.1999,0.3
63000,0.03541,0.4908,0.4745,0.4835,0.4925,0.4852,0.4989,0.4992,0.4598,0.4668,0.4596,0.4867,0.4966,3.47,0.0976,0.450049,0.1947,0.3
63200,0.0325,0.5061,0.4864,0.5019,0.5048,0.5013,0.4793,0.4775,0.463,0.4617,0.4711,0.46,0.5448,1.87,0.083,0.650832,0.217,0.3
63400,0.05128,0.4782,0.4959,0.4746,0.4679,0.4765,0.4923,0.4922,0.485,0.4783,0.4868,0.4742,0.5435,3.31,0.1167,0.466927,0.3007,0.3
63600,0.03379,0.4793,0.4927,0.4881,0.5061,0.4831,0.4908,0.4873,0.4954,0.4729,0.4683,0.4633,0.5215,3.75,0.1017,0.422174,0.1595,0.3
63800,0.06072,0.5044,0.4896,0.4855,0.5041,0.4977,0.4894,0.491,0.462,0.4828,0.4838,0.4638,0.501,3.05,0.0623,0.495428,0.1618,0.3
64000,0.12242,0.4768,0.5079,0.5074,0.4802,0.473,0.4723,0.4645,0.4651,0.4714,0.4855,0.4814,0.5041,3.56,0.0905,0.440294,0.1698,0.3
64200,0.02716,0.5106,0.486,0.4827,0.4959,0.4687,0.4808,0.4866,0.4824,0.4643,0.4834,0.4759,0.5181,3.49,0.0803,0.448024,0.1641,0.3
64400,0.06474,0.5132,0.4933,0.4714,0.4937,0.4715,0.4992,0.4728,0.474,0.4872,0.4824,0.4814,0.5036,1.4,0.0717,0.724704,0.2308,0.3
64600,0.01727,0.5007,0.478,0.4999,0.4922,0.4811,0.4956,0.4618,0.4943,0.4763,0.4577,0.4518,0.5263,2.89,0.0671,0.513722,0.2335,0.3
64800,0.02363,0.497,0.4837,0.4742,0.4955,0.5,0.4747,0.4798,0.4803,0.4899,0.4647,0.4714,0.5052,1.04,0.0719,0.787539,0.1863,0.3
65000,0.05075,0.4881,0.497,0.4948,0.4773,0.4858,0.501,0.4896,0.4603,0.4895,0.4878,0.4526,0.4955,1.72,0.0679,0.673627,0.1718,0.3
65200,0.08912,0.5025,0.4734,0.4972,0.4826,0.5046,0.5019,0.4891,0.4685,0.4811,0.4553,0.4717,0.5454,4.21,0.0942,0.37901,0.1918,0.3
65400,0.06224,0.4913,0.4756,0.5099,0.4697,0.4855,0.4716,0.4792,0.4745,0.4733,0.4725,0.4898,0.5057,2.01,0.0654,0.630089,0.1863,0.3
65600,0.03669,0.4782,0.5089,0.5018,0.476,0.4754,0.4968,0.4801,0.4653,0.4869,0.4918,0.4713,0.5492,1.65,0.0559,0.68359,0.1894,0.3
65800,0.02854,0.4873,0.49,0.4809,0.4955,0.4954,0.4701,0.4803,0.4973,0.491,0.4621,0.4888,0.5069,2.57,0.0828,0.552813,0.2425,0.3
66000,0.01809,0.498,0.5103,0.4901,0.4845,0.4735,0.4717,0.4648,0.4626,0.4826,0.461,0.4655,0.5272,3.77,0.1042,0.419658,0.1887,0.3
66200,0.09089,0.5068,0.4802,0.507,0.4688,0.4667,0.4727,0.4942,0.4792,0.4635,0.4784,0.4846,0.5257,3.15,0.0827,0.484494,0.2447,0.3
66400,0.0327,0.5039,0.4755,0.4741,0.4781,0.4659,0.4999,0.4887,0.4594,0.479,0.4607,0.467,0.5391,2.26,0.0676,0.594893,0.1681,0.3
66600,0.05298,0.5018,0.5092,0.5048,0.4946,0.487,0.4899,0.4773,0.4892,0.4718,0.4779,0.4652,0.5203,1.16,0.0795,0.765594,0.1697,0.3
66800,0.0569,0.4793,0.4999,0.4794,0.4684,0.4668,0.4672,0.4646,0.4917,0.4819,0.4753,0.4761,0.5179,1.95,0.028,0.637647,0.1904,0.3
67000,0.03445,0.4927,0.4808,0.4813,0.4746,0.4682,0.4802,0.4749,0.4641,0.4786,0.4714,0.4835,0.5132,2.22,0.0724,0.599707,0.1762,0.3
67200,0.06196,0.4937,0.482,0.4936,0.4831,0.469,0.4747,0.4611,0.4958,0.4773,0.4641,0.4533,0.4907,5.09,0.1183,0.309963,0.138,0.3
67400,0.01932,0.4832,0.5081,0.5086,0.5002,0.5037,0.4743,0.4682,0.4911,0.4683,0.4712,0.4672,0.5204,2.38,0.0701,0.578601,0.1972,0.3
67600,0.06795,0.5066,0.496,0.4936,0.4994,0.48,0.4779,0.4908,0.4838,0.494,0.4624,0.4818,0.5456,3.75,0.1357,0.421245,0.1592,0.3
67800,0.02294,0.5143,0.4971,0.5093,0.5,0.4823,0.4784,0.4875,0.497,0.4737,0.4592,0.483,0.4967,3.19,0.0704,0.480035,0.1515,0.3
68000,0.05742,0.4889,0.4752,0.486,0.5038,0.4813,0.4992,0.4671,0.4707,0.4826,0.4576,0.4676,0.528,2.44,0.0908,0.56993,0.1779,0.3
68200,0.04015,0.4938,0.4837,0.4837,0.4765,0.5046,0.466,0.488,0.4967,0.4675,0.458,0.4664,0.4973,1.15,0.0678,0.767281,0.2023,0.3
68400,0.03104,0.5082,0.4992,0.4926,0.4823,0.4976,0.4635,0.4918,0.469,0.4563,0.4583,0.4845,0.4973,2.8,0.0715,0.52483,0.2438,0.3
68600,0.12918,0.5118,0.4828,0.4765,0.4931,0.5043,0.4711,0.4786,0.4584,0.4576,0.4741,0.4811,0.5491,4.24,0.103,0.376536,0.1533,0.3
68800,0.0578,0.5003,0.4865,0.4878,0.4796,0.486,0.4724,0.4879,0.4598,0.4722,0.4552,0.4636,0.5184,3.09,0.08,0.490637,0.1951,0.3
69000,0.09142,0.4968,0.4967,0.5052,0.4936,0.4924,0.4908,0.4953,0.4725,0.4603,0.4598,0.483,0.5043,1.72,0.0282,0.672472,0.2496,0.3
69200,0.01488,0.4897,0.5026,0.4869,0.4936,0.4707,0.4887,0.4677,0.4808,0.4841,0.484,0.4802,0.5278,3.33,0.1143,0.464073,0.2166,0.3
69400,0.06405,0.5107,0.506,0.4795,0.5033,0.4663,0.4953,0.4804,0.4641,0.4753,0.4764,0.4828,0.5423,2.6,0.0744,0.549878,0.1847,0.3
69600,0.02429,0.4877,0.4851,0.4722,0.5045,0.4807,0.4713,0.4983,0.4768,0.4886,0.4836,0.453,0.5479,3.94,0.1008,0.40372,0.1544,0.3
69800,0.04603,0.4926,0.5026,0.5075,0.4795,0.4719,0.4832,0.4727,0.4669,0.4925,0.4648,0.4643,0.4902,3.04,0.0891,0.496381,0.1818,0.3
70000,0.04659,0.5095,0.5023,0.47,0.505,0.4788,0.5009,0.4817,0.4781,0.4652,0.4833,0.4588,0.5455,1.81,0.0878,0.65966,0.2494,0.3
70200,0.02523,0.4857,0.4944,0.4768,0.5042,0.4811,0.4778,0.4742,0.4875,0.4656,0.4813,0.4789,0.5075,2.52,0.1278,0.559568,0.1663,0.3
70400,0.04098,0.4804,0.4829,0.5064,0.484,0.4815,0.4715,0.4748,0.4712,0.4807,0.4563,0.4527,0.5073,3.26,0.086,0.47218,0.1695,0.3
70600,0.07743,0.4767,0.4854,0.5092,0.5057,0.4697,0.4661,0.4666,0.4802,0.4675,0.4714,0.4894,0.5169,1.24,0.0934,0.750795,0.1882,0.3
70800,0.04317,0.4879,0.4741,0.4767,0.4784,0.4715,0.4732,0.4749,0.4952,0.4639,0.4683,0.4589,0.5116,3.18,0.0809,0.480991,0.1811,0.3
71000,0.04144,0.493,0.4934,0.4869,0.4877,0.4983,0.4625,0.4868,0.4872,0.4829,0.4731,0.4861,0.5297,2.51,0.0694,0.560901,0.1846,0.3
71200,0.03635,0.5051,0.5009,0.5001,0.4881,0.4839,0.4884,0.4786,0.4593,0.4944,0.4905,0.4658,0.5462,2.27,0.0468,0.59279,0.1917,0.3
71400,0.0613,0.484,0.5026,0.4835,0.4912,0.4975,0.4863,0.4697,0.4813,0.4604,0.4648,0.4706,0.4915,3.6,0.1067,0.436841,0.1658,0.3
71600,0.07715,0.4911,0.5023,0.4967,0.5042,0.5007,0.48,0.4867,0.4916,0.4704,0.472,0.487,0.5297,2.96,0.0833,0.506076,0.2008,0.3
71800,0.02217,0.4752,0.4865,0.5028,0.5056,0.4744,0.4733,0.4893,0.4872,0.4568,0.4695,0.4775,0.5161,1.2,0.0967,0.757988,0.2329,0.3
72000,0.08294,0.479,0.5048,0.4848,0.4882,0.4698,0.4763,0.4817,0.4835,0.4846,0.4891,0.4836,0.4979,2.09,0.057,0.618687,0.2178,0.3
72200,0.04381,0.4878,0.4748,0.5011,0.4989,0.4845,0.4864,0.4919,0.4688,0.4709,0.4661,0.456,0.4905,2.64,0.0774,0.544303,0.2319,0.3
72400,0.01138,0.505,0.4792,0.5083,0.47,0.4793,0.4753,0.47,0.4624,0.484,0.4792,0.4739,0.503,2.43,0.0928,0.571779,0.165,0.3
72600,0.0429,0.4875,0.4836,0.4728,0.4686,0.4762,0.468,0.4711,0.4649,0.4695,0.4708,0.4679,0.5209,2.62,0.0982,0.54649,0.2388,0.3
72800,0.01738,0.5027,0.4868,0.4734,0.5035,0.4864,0.4961,0.49,0.4738,0.4816,0.4801,0.4614,0.5259,2.1,0.1343,0.615979,0.2776,0.3
73000,0.02879,0.5135,0.486,0.4839,0.492,0.4676,0.4662,0.4832,0.4924,0.4945,0.4788,0.4857,0.5224,2.42,0.0569,0.572492,0.2025,0.3
73200,0.05145,0.4983,0.488,0.4791,0.4871,0.502,0.4739,0.4692,0.4909,0.4757,0.4624,0.4755,0.5125,3.82,0.0942,0.415396,0.2034,0.3
73400,0.03515,0.5094,0.493,0.4953,0.4755,0.4853,0.4823,0.4987,0.4856,0.4701,0.4672,0.4891,0.4954,1.62,0.1169,0.687945,0.2609,0.3
73600,0.01813,0.4894,0.4953,0.4979,0.4779,0.4655,0.5015,0.4666,0.4918,0.4722,0.4913,0.4543,0.5085,1.52,0.0699,0.705039,0.2281,0.3
73800,0.03311,0.4888,0.5121,0.4752,0.5013,0.495,0.4996,0.4923,0.4934,0.4862,0.4765,0.4594,0.4999,3.26,0.1,0.471599,0.1978,0.3
74000,0.047,0.4776,0.4817,0.4786,0.5053,0.4726,0.4931,0.4746,0.4665,0.4899,0.4695,0.4867,0.506,2.68,0.1092,0.538945,0.1766,0.3
74200,0.03774,0.4994,0.5024,0.4766,0.4712,0.4871,0.4968,0.4663,0.4922,0.4669,0.4747,0.4696,0.5357,3.2,0.0575,0.478636,0.2041,0.3
74400,0.06639,0.4834,0.4771,0.4803,0.484,0.4906,0.491,0.4717,0.4739,0.4883,0.461,0.4691,0.5331,1.57,0.1025,0.697336,0.2582,0.3
74600,0.04975,0.5035,0.4991,0.4762,0.5036,0.5034,0.4758,0.481,0.4878,0.4751,0.4606,0.481,0.5425,3.18,0.097,0.481372,0.1934,0.3
74800,0.02199,0.5002,0.5063,0.4869,0.4687,0.4847,0.4663,0.4908,0.4858,0.4605,0.4533,0.4615,0.4998,4.43,0.0712,0.360437,0.1571,0.3
75000,0.06195,0.5089,0.4941,0.4918,0.4783,0.4722,0.4778,0.491,0.479,0.485,0.4915,0.4581,0.5059,3.13,0.0775,0.48651,0.2026,0.3
75200,0.02502,0.4776,0.4862,0.4847,0.4857,0.5031,0.4677,0.4949,0.4823,0.4878,0.4836,0.4605,0.4964,2.48,0.0935,0.564545,0.1887,0.3
75400,0.05422,0.4878,0.4862,0.5071,0.4744,0.5006,0.4744,0.4849,0.4797,0.4782,0.4647,0.463,0.504,1.83,0.0862,0.655601,0.2825,0.3
75600,0.05981,0.4816,0.4787,0.4825,0.4749,0.484,0.4774,0.4993,0.466,0.4631,0.4717,0.4559,0.4986,2.29,0.0897,0.589949,0.2266,0.3
75800,0.0521,0.5037,0.4958,0.4766,0.4973,0.4849,0.4769,0.4818,0.491,0.4819,0.4799,0.4729,0.5343,1.33,0.0726,0.73632,0.2008,0.3
76000,0.03904,0.4862,0.5119,0.5018,0.4802,0.4832,0.4664,0.4631,0.4631,0.4792,0.4625,0.4631,0.5462,3.04,0.0612,0.496736,0.1767,0.3
76200,0.01404,0.4912,0.4938,0.4864,0.4766,0.4976,0.4672,0.478,0.4958,0.4921,0.4828,0.4777,0.4916,3.81,0.1304,0.415738,0.2216,0.3
76400,0.13058,0.4989,0.4954,0.4879,0.4942,0.5041,0.467,0.4682,0.4776,0.4596,0.458,0.4596,0.5021,1.38,0.0967,0.726955,0.2753,0.3
76600,0.14666,0.4822,0.4929,0.4918,0.5018,0.4974,0.4939,0.4914,0.4713,0.4754,0.4791,0.4552,0.5038,1.61,0.0733,0.68982,0.1356,0.3
76800,0.11575,0.4839,0.4892,0.4758,0.4786,0.472,0.4848,0.4955,0.4727,0.4819,0.4918,0.4846,0.5208,2.23,0.1071,0.598741,0.2436,0.3
77000,0.04225,0.4959,0.5015,0.4928,0.4706,0.5001,0.4839,0.4676,0.4675,0.4723,0.4745,0.4855,0.5041,0.7,0.061,0.850851,0.2492,0.3
77200,0.02029,0.4759,0.5004,0.4991,0.4797,0.4775,0.5011,0.4713,0.4728,0.4576,0.48,0.4643,0.5385,2.41,0.0602,0.574279,0.2097,0.3
77400,0.02612,0.4972,0.4797,0.4973,0.4691,0.4963,0.4931,0.467,0.4822,0.4635,0.4586,0.4805,0.5068,1.97,0.0828,0.635374,0.2908,0.3
77600,0.02869,0.4776,0.4889,0.4816,0.4828,0.4763,0.4774,0.4742,0.4695,0.459,0.4563,0.4504,0.5455,2.13,0.1053,0.612761,0.2621,0.3
77800,0.07505,0.5127,0.4779,0.4802,0.49,0.4724,0.4873,0.4984,0.484,0.4931,0.492,0.4684,0.5332,2.81,0.0476,0.523123,0.2077,0.3
78000,0.03672,0.494,0.4893,0.4777,0.4708,0.4936,0.4774,0.4777,0.4752,0.4737,0.4826,0.4798,0.5188,2.45,0.0978,0.569252,0.2058,0.3
78200,0.02136,0.4873,0.4888,0.5067,0.4775,0.4936,0.4915,0.4638,0.461,0.4752,0.4761,0.4854,0.494,1.54,0.0579,0.702236,0.2416,0.3
78400,0.03903,0.4873,0.4849,0.4868,0.5029,0.4782,0.4765,0.4691,0.4698,0.4892,0.4794,0.481,0.5491,1.87,0.1021,0.649467,0.2355,0.3
78600,0.05694,0.4866,0.4736,0.4987,0.4757,0.5039,0.473,0.4658,0.4769,0.4877,0.4821,0.4711,0.503,4.11,0.0814,0.388203,0.1409,0.3
78800,0.04629,0.4842,0.4911,0.5051,0.5051,0.4673,0.4983,0.489,0.4919,0.4934,0.4868,0.4861,0.5213,2.22,0.0944,0.60035,0.1931,0.3
79000,0.01835,0.4811,0.5003,0.4749,0.4892,0.4737,0.4775,0.4988,0.4881,0.459,0.4709,0.4715,0.5439,2.88,0.1016,0.515069,0.2171,0.3
79200,0.03991,0.4916,0.5064,0.4931,0.4676,0.48,0.4884,0.4648,0.489,0.4698,0.4594,0.4694,0.5411,2.93,0.1116,0.509012,0.2003,0.3
79400,0.02782,0.4774,0.4824,0.4801,0.489,0.469,0.4979,0.4803,0.4732,0.4766,0.4636,0.4685,0.4952,0.48,0.0685,0.894783,0.1883,0.3
79600,0.03779,0.4934,0.5048,0.4946,0.4988,0.4727,0.4789,0.4977,0.4687,0.472,0.4842,0.4522,0.5422,3.61,0.071,0.435564,0.1475,0.3
79800,0.05238,0.505,0.5044,0.4756,0.4947,0.4788,0.4908,0.4964,0.493,0.4739,0.4641,0.4873,0.5446,1.93,0.1194,0.640866,0.2235,0.3
80000,0.01499,0.5102,0.4917,0.496,0.4999,0.5033,0.4979,0.4629,0.4802,0.4865,0.4644,0.4588,0.5426,2.67,0.0506,0.541226,0.191,0.3
80200,0.11416,0.4827,0.4924,0.4896,0.4777,0.4923,0.4726,0.471,0.4636,0.4718,0.4735,0.4739,0.5303,2.8,0.0868,0.524558,0.2214,0.3
80400,0.03088,0.5076,0.4742,0.4898,0.4717,0.5019,0.4865,0.4872,0.4857,0.4652,0.4778,0.4618,0.5316,3.55,0.0815,0.441879,0.2087,0.3
80600,0.02425,0.5031,0.4967,0.4709,0.47,0.497,0.4867,0.4628,0.4586,0.4838,0.4829,0.486,0.5142,2.33,0.0862,0.584501,0.1616,0.3
80800,0.02749,0.5106,0.4905,0.4985,0.4711,0.4887,0.5017,0.473,0.4873,0.4752,0.4733,0.4826,0.4944,1.57,0.0775,0.696646,0.1821,0.3
81000,0.10164,0.4925,0.4809,0.4883,0.501,0.4658,0.475,0.4816,0.4581,0.4747,0.4791,0.4768,0.5467,1.94,0.0735,0.640015,0.1741,0.3
81200,0.06749,0.5144,0.5076,0.4801,0.4949,0.4801,0.4681,0.4926,0.4716,0.4815,0.4684,0.4746,0.5414,2.83,0.0593,0.521193,0.1908,0.3
81400,0.09234,0.5061,0.4861,0.506,0.4943,0.5038,0.4846,0.4824,0.4973,0.4621,0.4919,0.4666,0.5056,3.93,0.12,0.404722,0.1832,0.3
81600,0.03916,0.5097,0.4942,0.4792,0.4702,0.4845,0.5003,0.4665,0.4947,0.4859,0.459,0.4724,0.5135,2.56,0.0559,0.554071,0.1694,0.3
81800,0.03098,0.506,0.5097,0.479,0.5008,0.4776,0.4916,0.4711,0.481,0.4623,0.4683,0.4522,0.5002,2.79,0.0871,0.525731,0.2141,0.3
82000,0.09391,0.4861,0.5118,0.484,0.4765,0.4679,0.4981,0.4643,0.4622,0.4887,0.4642,0.4775,0.5345,2.66,0.1085,0.541601,0.1863,0.3
82200,0.01325,0.5132,0.4864,0.4971,0.4732,0.494,0.4988,0.4875,0.4806,0.4578,0.4782,0.4558,0.5414,1.91,0.088,0.644119,0.1895,0.3
82400,0.05432,0.4811,0.4746,0.478,0.5042,0.4777,0.4745,0.4819,0.4761,0.4681,0.463,0.4506,0.5245,2.46,0.0587,0.56793,0.1147,0.3
82600,0.10266,0.4916,0.5017,0.5058,0.4923,0.4652,0.481,0.4836,0.4909,0.4946,0.4892,0.4787,0.5113,3.51,0.1051,0.445891,0.188,0.3
82800,0.02892,0.4812,0.509,0.5027,0.4722,0.4691,0.4881,0.4841,0.4609,0.477,0.4708,0.4633,0.5267,4.29,0.1329,0.372109,0.1538,0.3
83000,0.07286,0.4772,0.498,0.4756,0.5031,0.4958,0.4972,0.4613,0.4835,0.4661,0.4924,0.4838,0.5035,2.33,0.08,0.584329,0.2228,0.3
83200,0.02106,0.5117,0.5007,0.4708,0.5018,0.4942,0.4822,0.4774,0.4928,0.4863,0.4646,0.4879,0.522,4.15,0.1186,0.38465,0.1548,0.3
83400,0.04309,0.4806,0.4745,0.5063,0.5029,0.4946,0.5007,0.4754,0.4854,0.4561,0.4915,0.4548,0.496,1.49,0.0462,0.709708,0.1927,0.3
83600,0.01906,0.5023,0.5076,0.4955,0.4723,0.4706,0.4786,0.4997,0.4796,0.4652,0.4916,0.4609,0.5441,3.7,0.0958,0.42634,0.1386,0.3
83800,0.03803,0.494,0.4775,0.4952,0.5038,0.4919,0.4736,0.4726,0.4809,0.4755,0.4666,0.4823,0.4978,1.58,0.0429,0.695197,0.2702,0.3
84000,0.05388,0.5031,0.5084,0.4881,0.4725,0.4663,0.4899,0.4765,0.4933,0.4813,0.4828,0.4863,0.5361,3.49,0.106,0.447889,0.2088,0.3
84200,0.03051,0.4859,0.4766,0.4749,0.4932,0.4657,0.5003,0.4863,0.4801,0.4908,0.4788,0.4654,0.5296,0.61,0.0408,0.869415,0.1766,0.3
84400,0.02093,0.4902,0.4777,0.4719,0.4982,0.497,0.4729,0.483,0.4763,0.4704,0.4563,0.4829,0.5468,2.17,0.0709,0.606142,0.1947,0.3
84600,0.01996,0.5015,0.5015,0.5023,0.5071,0.503,0.4728,0.4976,0.4878,0.4929,0.4647,0.4692,0.5129,3.34,0.0704,0.46398,0.221,0.3
84800,0.02512,0.4927,0.4854,0.4832,0.4758,0.4765,0.4715,0.477,0.4825,0.4667,0.4825,0.4587,0.5178,4.1,0.1225,0.3886,0.155,0.3
85000,0.09202,0.5027,0.5076,0.4922,0.4772,0.5004,0.4658,0.4826,0.4886,0.4612,0.4816,0.4761,0.5196,3.11,0.092,0.488424,0.1554,0.3
85200,0.04599,0.4911,0.4893,0.4924,0.4683,0.4702,0.4693,0.478,0.4778,0.4709,0.465,0.4565,0.4987,2.1,0.11,0.616698,0.2097,0.3
85400,0.0239,0.4953,0.4758,0.4894,0.4913,0.4917,0.5012,0.4804,0.4959,0.456,0.4824,0.4889,0.5042,3.58,0.0873,0.438178,0.1901,0.3
85600,0.0329,0.4954,0.4995,0.5074,0.507,0.4712,0.501,0.4893,0.4665,0.4563,0.4852,0.4536,0.4985,3.14,0.1122,0.485019,0.2217,0.3
85800,0.02051,0.4768,0.5051,0.4926,0.5071,0.5045,0.4696,0.4937,0.4598,0.4895,0.4805,0.4729,0.5117,2.27,0.1072,0.592397,0.2702,0.3
86000,0.02521,0.5137,0.4894,0.4944,0.4819,0.4991,0.4927,0.4941,0.4886,0.4908,0.484,0.4655,0.5097,2.01,0.0649,0.629422,0.1816,0.3
86200,0.01279,0.4906,0.4826,0.4933,0.4929,0.4714,0.4846,0.4606,0.464,0.4837,0.4599,0.4819,0.5161,2.38,0.0787,0.57849,0.1624,0.3
86400,0.07608,0.4988,0.4856,0.5083,0.4949,0.4939,0.4995,0.4986,0.4624,0.4734,0.4546,0.461,0.5043,2.02,0.0738,0.628162,0.1631,0.3
86600,0.01268,0.4828,0.4793,0.5058,0.5055,0.4745,0.4757,0.4763,0.4604,0.4896,0.4746,0.4579,0.5201,4.16,0.1158,0.383476,0.2084,0.3
86800,0.08561,0.4778,0.4782,0.4702,0.49,0.4811,0.4683,0.498,0.4785,0.4819,0.4877,0.489,0.5335,2.18,0.058,0.605951,0.2035,0.3
87000,0.03907,0.4883,0.4871,0.5096,0.5053,0.4733,0.4827,0.4624,0.4931,0.4792,0.4595,0.4623,0.5245,3.4,0.0859,0.457436,0.2069,0.3
87200,0.01491,0.5146,0.5097,0.4947,0.4789,0.47,0.4845,0.4647,0.4626,0.4867,0.4751,0.4504,0.5343,2.88,0.0439,0.515167,0.1563,0.3
87400,0.04977,0.5019,0.4763,0.4932,0.4869,0.4802,0.4937,0.4934,0.4817,0.4602,0.4921,0.4683,0.4918,1.78,0.0761,0.6641,0.2206,0.3
87600,0.05926,0.5055,0.493,0.482,0.4806,0.4791,0.4755,0.4881,0.4622,0.4784,0.4704,0.4853,0.5161,2.65,0.0653,0.543597,0.1896,0.3
87800,0.06002,0.494,0.4974,0.4731,0.4783,0.4842,0.4729,0.475,0.4834,0.4934,0.482,0.4636,0.5101,1.83,0.0804,0.655983,0.1626,0.3
88000,0.09282,0.4861,0.4976,0.505,0.4929,0.4685,0.4963,0.4855,0.4613,0.4696,0.4574,0.4516,0.5079,2.47,0.0635,0.565974,0.2651,0.3
88200,0.06203,0.5118,0.4967,0.4729,0.4764,0.4869,0.4688,0.4921,0.4679,0.4882,0.4692,0.4706,0.5037,1.25,0.0842,0.749438,0.1612,0.3
88400,0.04353,0.5103,0.4896,0.4736,0.5034,0.4934,0.4998,0.4717,0.4827,0.4783,0.4833,0.4803,0.4955,3.45,0.0734,0.452081,0.2071,0.3
88600,0.02537,0.4809,0.5078,0.4708,0.4927,0.4921,0.4776,0.474,0.4728,0.4824,0.4654,0.4503,0.5075,2.82,0.0912,0.522578,0.2056,0.3
88800,0.03146,0.5031,0.4906,0.4878,0.4893,0.4752,0.4962,0.4627,0.4658,0.4898,0.4882,0.4666,0.5337,2.76,0.0621,0.529388,0.1792,0.3
89000,0.02762,0.5003,0.51,0.5018,0.4861,0.4938,0.481,0.4762,0.463,0.4821,0.4858,0.4535,0.5185,1.14,0.0731,0.769157,0.1467,0.3
89200,0.07684,0.4836,0.4898,0.4929,0.4722,0.4714,0.4821,0.4869,0.4695,0.4903,0.4903,0.4631,0.5179,3.44,0.1072,0.452943,0.1741,0.3
89400,0.10984,0.5,0.4894,0.507,0.4738,0.479,0.4916,0.4942,0.4853,0.4949,0.4771,0.47,0.5422,3.18,0.0925,0.480963,0.2075,0.3
89600,0.04494,0.5079,0.5108,0.4955,0.5037,0.4679,0.4731,0.4708,0.4852,0.4693,0.492,0.4771,0.5195,3.29,0.0627,0.469284,0.2312,0.3
89800,0.04548,0.5128,0.495,0.5032,0.5046,0.5047,0.4693,0.4929,0.4833,0.4776,0.4535,0.4856,0.5031,1.74,0.0652,0.670053,0.1804,0.3
90000,0.0545,0.5051,0.4884,0.4849,0.4956,0.5028,0.4794,0.4782,0.4803,0.4667,0.461,0.4862,0.5424,0.73,0.0671,0.844312,0.2641,0.3
90200,0.0197,0.5017,0.4735,0.5073,0.4759,0.4905,0.4972,0.4637,0.4736,0.494,0.4922,0.4698,0.5215,2.36,0.1106,0.58082,0.1938,0.3
90400,0.08577,0.5133,0.4834,0.4956,0.4983,0.4696,0.4626,0.491,0.4662,0.49,0.4815,0.466,0.5342,2.44,0.0804,0.570126,0.1729,0.3
90600,0.02931,0.4869,0.4744,0.4896,0.4768,0.4675,0.4989,0.468,0.4687,0.4707,0.4664,0.4704,0.5115,2.53,0.1008,0.5579,0.1302,0.3
90800,0.01015,0.5098,0.4999,0.4978,0.4904,0.4963,0.4628,0.4736,0.4693,0.4622,0.4626,0.4885,0.4925,2.39,0.0819,0.577283,0.2208,0.3
91000,0.02738,0.4935,0.4799,0.4958,0.4738,0.4747,0.467,0.4654,0.4894,0.4839,0.4918,0.4693,0.5435,0.56,0.0775,0.879695,0.1816,0.3
91200,0.01976,0.4956,0.5007,0.4782,0.4788,0.4699,0.4701,0.4723,0.4833,0.47,0.4889,0.4683,0.5406,2.11,0.0726,0.614834,0.1951,0.3
91400,0.01459,0.4869,0.4831,0.4794,0.5045,0.4885,0.4925,0.4996,0.4911,0.4566,0.4597,0.4583,0.4975,3.96,0.1003,0.401783,0.272,0.3
91600,0.0142,0.489,0.4909,0.5071,0.4855,0.4674,0.49,0.4828,0.4848,0.4572,0.4824,0.4617,0.5049,3.08,0.0807,0.492525,0.2136,0.3
91800,0.02717,0.4836,0.479,0.4981,0.4721,0.4661,0.4668,0.4858,0.4866,0.4762,0.4564,0.4682,0.5315,1.98,0.0418,0.633559,0.1713,0.3
92000,0.05968,0.5058,0.5012,0.5053,0.4752,0.4904,0.5019,0.4757,0.4899,0.4599,0.4557,0.4657,0.5063,3.26,0.0962,0.471677,0.2135,0.3
92200,0.04606,0.5037,0.4888,0.4926,0.4835,0.5009,0.5002,0.4963,0.4636,0.4924,0.4605,0.4533,0.5332,2.34,0.0668,0.583989,0.1632,0.3
92400,0.01193,0.491,0.4948,0.491,0.4744,0.4854,0.4942,0.4628,0.4949,0.4743,0.4826,0.4541,0.5189,4.15,0.1199,0.385004,0.1789,0.3
92600,0.08901,0.5056,0.488,0.5065,0.4728,0.4671,0.4959,0.4783,0.4657,0.4862,0.4732,0.4556,0.5303,3.62,0.1086,0.434793,0.2197,0.3
92800,0.01907,0.4976,0.4974,0.4745,0.4698,0.4665,0.4824,0.469,0.4912,0.4814,0.4831,0.4882,0.4982,3.39,0.056,0.458158,0.2105,0.3
93000,0.01987,0.4981,0.4759,0.5076,0.4711,0.4926,0.4819,0.4849,0.4611,0.4815,0.4536,0.4705,0.5194,2.32,0.0693,0.585829,0.2171,0.3
93200,0.05018,0.4906,0.4825,0.4725,0.4944,0.4651,0.4944,0.4906,0.4641,0.4825,0.4703,0.4668,0.5089,2.76,0.0701,0.530161,0.1595,0.3
93400,0.03638,0.5028,0.4924,0.4908,0.4697,0.4871,0.4724,0.4998,0.4647,0.4782,0.4644,0.4813,0.493,4.55,0.1054,0.350475,0.2346,0.3
93600,0.03495,0.4973,0.484,0.4977,0.4698,0.5003,0.4674,0.4928,0.4783,0.4684,0.4747,0.4589,0.53,1.76,0.0723,0.667123,0.2256,0.3
93800,0.03155,0.5147,0.5075,0.5065,0.4801,0.5047,0.4774,0.4988,0.4596,0.4664,0.4548,0.4822,0.4959,2.46,0.0876,0.567546,0.1639,0.3
94000,0.06406,0.4924,0.4747,0.4734,0.4723,0.4735,0.5008,0.4753,0.4611,0.4935,0.4658,0.4754,0.5023,3.07,0.09,0.492764,0.23,0.3
94200,0.02299,0.5073,0.5082,0.5017,0.4904,0.4956,0.4984,0.4928,0.4614,0.4622,0.4719,0.486,0.506,2.32,0.0677,0.585682,0.1595,0.3
94400,0.02265,0.4884,0.5004,0.4988,0.4766,0.481,0.4799,0.4825,0.463,0.4609,0.4923,0.4767,0.5089,2,0.08,0.63121,0.2292,0.3
94600,0.06451,0.4859,0.5017,0.4742,0.482,0.4707,0.4783,0.4915,0.4929,0.4914,0.4861,0.4656,0.5242,1.73,0.0849,0.670705,0.1589,0.3
94800,0.04183,0.4894,0.4944,0.4845,0.492,0.4905,0.4636,0.4892,0.4638,0.466,0.4863,0.4533,0.5338,2.3,0.0863,0.589293,0.1586,0.3
95000,0.14073,0.4901,0.5082,0.4918,0.4945,0.476,0.4988,0.4803,0.4719,0.4752,0.4708,0.4829,0.5213,2.61,0.0525,0.548443,0.1541,0.3
95200,0.0311,0.4785,0.5096,0.486,0.4747,0.4943,0.4993,0.466,0.4626,0.4837,0.4755,0.4617,0.5197,3.5,0.085,0.446558,0.2209,0.3
95400,0.03853,0.4886,0.5051,0.4739,0.4848,0.4963,0.5011,0.4852,0.493,0.4596,0.4806,0.4573,0.5131,1.05,0.0927,0.784519,0.2803,0.3
95600,0.06015,0.5144,0.4752,0.4973,0.4906,0.4824,0.4919,0.4873,0.4745,0.4713,0.4869,0.4702,0.5174,4.57,0.1042,0.349492,0.1663,0.3
95800,0.04577,0.5072,0.5018,0.4713,0.4934,0.4678,0.4829,0.4761,0.4936,0.4705,0.4886,0.475,0.5307,0.59,0.0331,0.872755,0.221,0.3
96000,0.10914,0.4926,0.508,0.4861,0.4879,0.503,0.4707,0.4608,0.4691,0.4854,0.4839,0.467,0.5245,2.39,0.0904,0.576916,0.1543,0.3
96200,0.06694,0.4773,0.5,0.5096,0.4877,0.4907,0.475,0.4934,0.4773,0.469,0.4696,0.4701,0.4927,2.89,0.083,0.514036,0.2018,0.3
96400,0.03969,0.5116,0.4825,0.4957,0.494,0.4808,0.4738,0.4726,0.4832,0.4728,0.4529,0.4743,0.5103,4.26,0.0837,0.375146,0.1487,0.3
96600,0.08768,0.4881,0.5121,0.4947,0.4835,0.4825,0.4662,0.4842,0.4663,0.4923,0.484,0.4821,0.5332,1.65,0.0885,0.683418,0.1952,0.3
96800,0.03884,0.5049,0.4994,0.4905,0.5047,0.4987,0.4941,0.4914,0.4603,0.4895,0.4904,0.4836,0.5482,2.93,0.0847,0.508753,0.1757,0.3
97000,0.01295,0.494,0.4871,0.4788,0.5008,0.4737,0.4906,0.4695,0.4629,0.4868,0.4651,0.4626,0.5222,2.5,0.0882,0.562258,0.2272,0.3
97200,0.0819,0.4827,0.4955,0.4922,0.4816,0.5044,0.466,0.4626,0.4691,0.4819,0.4924,0.4847,0.4933,2.55,0.0666,0.556407,0.1483,0.3
97400,0.02484,0.5113,0.5068,0.4857,0.4704,0.4808,0.4695,0.4799,0.4972,0.4803,0.4545,0.4503,0.5448,2.81,0.0824,0.523898,0.186,0.3
97600,0.03219,0.4919,0.487,0.4875,0.4714,0.501,0.4675,0.4977,0.4786,0.457,0.4883,0.4875,0.5276,1.36,0.0565,0.730857,0.1633,0.3
97800,0.01579,0.4862,0.497,0.4712,0.4941,0.4934,0.4852,0.4949,0.4738,0.4934,0.4603,0.4674,0.4993,2.97,0.0804,0.504448,0.2224,0.3
98000,0.02252,0.4843,0.5073,0.505,0.4781,0.5029,0.4962,0.4655,0.4618,0.4593,0.4831,0.4511,0.526,1.82,0.0807,0.658121,0.2569,0.3
98200,0.03967,0.4807,0.4755,0.4977,0.478,0.4743,0.4644,0.4702,0.4676,0.4701,0.4668,0.4791,0.5413,2.68,0.0669,0.538974,0.2086,0.3
98400,0.04854,0.479,0.484,0.4751,0.4839,0.4765,0.4905,0.4908,0.4599,0.4788,0.4739,0.4543,0.5395,1.52,0.0612,0.703987,0.2504,0.3
98600,0.03695,0.5015,0.4922,0.4814,0.4969,0.4812,0.5013,0.4691,0.4761,0.4743,0.4615,0.4572,0.5074,2.6,0.069,0.549907,0.2508,0.3
98800,0.05988,0.5,0.4968,0.5087,0.5074,0.4668,0.4731,0.491,0.4773,0.4802,0.481,0.4526,0.5451,1.97,0.0414,0.635933,0.1497,0.3
99000,0.04619,0.5005,0.5019,0.4717,0.5032,0.4775,0.4864,0.4657,0.4678,0.4889,0.4831,0.452,0.5045,3.74,0.1038,0.422477,0.2275,0.3
99200,0.03226,0.5116,0.499,0.5058,0.5071,0.4937,0.4855,0.4678,0.4594,0.4846,0.491,0.4876,0.5315,1.61,0.0965,0.690977,0.1645,0.3
99400,0.02523,0.4885,0.5029,0.5081,0.4985,0.4801,0.4971,0.4686,0.4762,0.4557,0.4624,0.4538,0.5236,2.07,0.0695,0.621245,0.2797,0.3
99600,0.05896,0.507,0.4941,0.4927,0.5035,0.4654,0.4695,0.4637,0.4767,0.4627,0.455,0.4862,0.5393,1.91,0.0716,0.644208,0.2117,0.3
99800,0.07287,0.5021,0.4748,0.4997,0.4676,0.484,0.4926,0.4706,0.4792,0.4726,0.4818,0.4894,0.5434,3.42,0.0682,0.454563,0.1153,0.3
99999,0.00714,0.4771,0.4832,0.4819,0.4834,0.4865,0.4861,0.4869,0.4605,0.4553,0.4709,0.4875,0.5398,3.24,0.1027,0.473775,0.1493,0.3
