epoch,loss,acc_th0.20,acc_th0.25,acc_th0.30,acc_th0.35,acc_th0.40,acc_th0.45,acc_th0.50,acc_th0.55,acc_th0.60,acc_th0.65,acc_th0.70,auc,psnr,ssim,mse,lpips,clip
0,0.00000,0.7453,0.7509,0.7499,0.7553,0.7322,0.7316,0.7202,0.7410,0.7342,0.7427,0.7205,0.6608,3.29,0.0749,0.468516,0.2058,0.4971
0,0.03378,0.7462,0.7460,0.7419,0.7291,0.7476,0.7482,0.7214,0.7464,0.7268,0.7201,0.7414,0.7237,3.59,0.1067,0.437191,0.2233,0.4969
200,0.01936,0.7583,0.7568,0.7308,0.7478,0.7261,0.7513,0.7247,0.7235,0.7322,0.7412,0.7148,0.7455,1.86,0.0921,0.651486,0.2336,0.4931
400,0.01377,0.7558,0.7480,0.7531,0.7530,0.7478,0.7368,0.7314,0.7221,0.7457,0.7185,0.7397,0.6759,3.42,0.1003,0.454742,0.1630,0.4960
600,0.02893,0.7462,0.7319,0.7389,0.7542,0.7530,0.7268,0.7429,0.7459,0.7172,0.7272,0.7299,0.7156,2.39,0.0875,0.576669,0.2376,0.4951
800,0.02066,0.7606,0.7452,0.7452,0.7555,0.7459,0.7309,0.7227,0.7182,0.7438,0.7349,0.7390,0.7091,2.66,0.1011,0.541752,0.1972,0.4928
1000,0.00965,0.7458,0.7478,0.7561,0.7519,0.7499,0.7302,0.7322,0.7289,0.7231,0.7294,0.7140,0.7411,5.37,0.1298,0.290453,0.2172,0.4944
1200,0.02105,0.7331,0.7540,0.7362,0.7268,0.7442,0.7477,0.7307,0.7438,0.7449,0.7425,0.7393,0.6956,2.84,0.1034,0.519643,0.2298,0.4963
1400,0.10621,0.7344,0.7407,0.7345,0.7509,0.7315,0.7461,0.7339,0.7233,0.7348,0.7209,0.7180,0.7379,1.13,0.0923,0.770136,0.1943,0.4958
1600,0.04858,0.7443,0.7516,0.7528,0.7370,0.7502,0.7271,0.7312,0.7450,0.7414,0.7384,0.7292,0.7574,1.42,0.1576,0.721027,0.2934,0.4949
1800,0.01299,0.7407,0.7479,0.7526,0.7332,0.7496,0.7483,0.7220,0.7190,0.7280,0.7282,0.7302,0.7312,4.03,0.1572,0.395137,0.1973,0.4938
2000,0.05759,0.7561,0.7466,0.7580,0.7365,0.7264,0.7281,0.7429,0.7449,0.7441,0.7248,0.7397,0.7390,2.91,0.1013,0.511564,0.2031,0.4941
2200,0.02249,0.7374,0.7456,0.7390,0.7345,0.7401,0.7491,0.7264,0.7237,0.7411,0.7279,0.7369,0.7498,2.43,0.0944,0.571570,0.1866,0.4969
2400,0.02104,0.7322,0.7400,0.7522,0.7434,0.7305,0.7254,0.7330,0.7343,0.7379,0.7250,0.7160,0.6830,3.23,0.0908,0.475391,0.1720,0.4944
2600,0.01975,0.7459,0.7469,0.7353,0.7274,0.7311,0.7388,0.7201,0.7225,0.7226,0.7413,0.7384,0.6600,3.43,0.0638,0.454330,0.1707,0.4958
2800,0.01400,0.7568,0.7564,0.7524,0.7331,0.7354,0.7477,0.7393,0.7288,0.7203,0.7373,0.7278,0.7134,1.95,0.0616,0.638704,0.1567,0.4955
3000,0.01733,0.7395,0.7458,0.7358,0.7353,0.7516,0.7267,0.7257,0.7233,0.7258,0.7408,0.7138,0.6652,2.62,0.0860,0.547420,0.1974,0.4941
3200,0.02525,0.7601,0.7420,0.7527,0.7523,0.7308,0.7505,0.7209,0.7414,0.7251,0.7401,0.7136,0.6886,4.09,0.1297,0.389937,0.1612,0.4962
3400,0.03244,0.7463,0.7483,0.7439,0.7493,0.7515,0.7331,0.7444,0.7224,0.7397,0.7390,0.7382,0.6694,3.65,0.1020,0.431063,0.1788,0.4948
3600,0.02518,0.7526,0.7527,0.7547,0.7435,0.7336,0.7261,0.7347,0.7424,0.7169,0.7262,0.7312,0.7556,2.47,0.0937,0.566411,0.2842,0.4945
3800,0.02467,0.7409,0.7509,0.7578,0.7349,0.7406,0.7229,0.7255,0.7338,0.7400,0.7378,0.7420,0.6916,2.32,0.0962,0.586681,0.2309,0.4938
4000,0.03544,0.7427,0.7321,0.7480,0.7339,0.7313,0.7470,0.7255,0.7309,0.7202,0.7191,0.7209,0.7538,2.08,0.0866,0.619403,0.1748,0.4953
4200,0.04579,0.7463,0.7519,0.7307,0.7433,0.7528,0.7305,0.7203,0.7261,0.7178,0.7368,0.7230,0.7156,1.97,0.0980,0.634907,0.1518,0.4951
4400,0.01310,0.7479,0.7413,0.7450,0.7414,0.7459,0.7500,0.7407,0.7328,0.7346,0.7159,0.7230,0.7503,3.10,0.1076,0.489789,0.1847,0.4943
4600,0.02787,0.7585,0.7582,0.7541,0.7375,0.7345,0.7300,0.7398,0.7335,0.7403,0.7319,0.7412,0.6668,3.29,0.1536,0.468815,0.2340,0.4932
4800,0.04065,0.7582,0.7460,0.7460,0.7556,0.7458,0.7227,0.7252,0.7440,0.7324,0.7192,0.7276,0.7480,3.14,0.0952,0.485636,0.2369,0.4954
5000,0.02100,0.7458,0.7342,0.7506,0.7351,0.7521,0.7356,0.7231,0.7227,0.7409,0.7154,0.7151,0.6913,5.58,0.1478,0.276463,0.1259,0.4952
5200,0.03584,0.7538,0.7488,0.7324,0.7342,0.7502,0.7238,0.7223,0.7356,0.7438,0.7367,0.7315,0.7020,2.32,0.0586,0.586550,0.1833,0.4930
5400,0.02279,0.7484,0.7332,0.7307,0.7450,0.7457,0.7488,0.7347,0.7186,0.7331,0.7314,0.7282,0.7511,0.57,0.0857,0.877499,0.2177,0.4937
5600,0.01469,0.7352,0.7508,0.7359,0.7302,0.7447,0.7444,0.7447,0.7398,0.7213,0.7352,0.7315,0.7304,2.80,0.1526,0.525251,0.1677,0.4927
5800,0.03936,0.7469,0.7448,0.7519,0.7333,0.7483,0.7340,0.7480,0.7266,0.7381,0.7170,0.7359,0.7559,3.41,0.1132,0.456290,0.2337,0.4933
6000,0.03368,0.7381,0.7351,0.7361,0.7314,0.7451,0.7223,0.7305,0.7332,0.7384,0.7394,0.7165,0.6660,3.65,0.0839,0.431047,0.1503,0.4942
6200,0.03310,0.7388,0.7529,0.7287,0.7422,0.7281,0.7421,0.7492,0.7361,0.7347,0.7424,0.7217,0.6765,2.33,0.1110,0.585026,0.2272,0.4940
6400,0.01049,0.7611,0.7398,0.7334,0.7449,0.7459,0.7276,0.7439,0.7231,0.7391,0.7217,0.7264,0.6649,3.50,0.1398,0.446615,0.2040,0.4948
6600,0.01568,0.7456,0.7463,0.7291,0.7284,0.7251,0.7300,0.7475,0.7236,0.7220,0.7248,0.7138,0.7366,1.28,0.1074,0.745276,0.2467,0.4954
6800,0.04200,0.7478,0.7545,0.7498,0.7291,0.7402,0.7254,0.7249,0.7457,0.7297,0.7392,0.7132,0.6791,3.65,0.0801,0.431265,0.1022,0.4949
7000,0.02296,0.7422,0.7558,0.7554,0.7364,0.7539,0.7458,0.7368,0.7307,0.7176,0.7188,0.7278,0.7514,2.43,0.0473,0.571524,0.1636,0.4940
7200,0.01767,0.7616,0.7487,0.7429,0.7353,0.7524,0.7296,0.7202,0.7328,0.7221,0.7173,0.7231,0.6850,1.99,0.1113,0.632238,0.1904,0.4930
7400,0.02603,0.7489,0.7411,0.7392,0.7317,0.7506,0.7511,0.7432,0.7453,0.7243,0.7360,0.7146,0.7588,2.94,0.0724,0.507622,0.1795,0.4958
7600,0.01266,0.7546,0.7388,0.7520,0.7327,0.7408,0.7312,0.7262,0.7425,0.7194,0.7439,0.7401,0.7479,2.53,0.1146,0.558785,0.1378,0.4950
7800,0.02196,0.7470,0.7349,0.7386,0.7345,0.7377,0.7259,0.7316,0.7279,0.7166,0.7199,0.7164,0.6970,2.89,0.0839,0.513472,0.1877,0.4930
8000,0.04168,0.7431,0.7517,0.7291,0.7453,0.7304,0.7350,0.7293,0.7423,0.7372,0.7315,0.7319,0.7365,2.78,0.1681,0.527338,0.1829,0.4930
8200,0.01854,0.7557,0.7589,0.7297,0.7554,0.7519,0.7396,0.7227,0.7254,0.7264,0.7392,0.7183,0.7025,2.92,0.0844,0.510305,0.2293,0.4946
8400,0.02573,0.7598,0.7543,0.7370,0.7434,0.7527,0.7498,0.7472,0.7472,0.7166,0.7261,0.7133,0.7219,4.72,0.1357,0.337410,0.2500,0.4948
8600,0.00826,0.7618,0.7516,0.7313,0.7357,0.7533,0.7281,0.7271,0.7278,0.7364,0.7159,0.7335,0.7377,0.71,0.0851,0.848379,0.2185,0.4951
8800,0.02957,0.7325,0.7384,0.7284,0.7511,0.7331,0.7436,0.7430,0.7452,0.7215,0.7406,0.7417,0.7160,1.53,0.0884,0.702801,0.1931,0.4944
9000,0.05141,0.7513,0.7486,0.7329,0.7486,0.7363,0.7366,0.7311,0.7252,0.7241,0.7159,0.7121,0.7004,2.63,0.1139,0.545240,0.2200,0.4937
9200,0.02943,0.7539,0.7386,0.7347,0.7302,0.7342,0.7291,0.7342,0.7249,0.7420,0.7389,0.7212,0.7283,3.51,0.1187,0.445616,0.2377,0.4935
9400,0.02743,0.7417,0.7517,0.7561,0.7549,0.7390,0.7514,0.7373,0.7460,0.7430,0.7244,0.7395,0.7437,2.32,0.1608,0.586780,0.1913,0.4933
9600,0.02869,0.7586,0.7312,0.7453,0.7526,0.7393,0.7362,0.7468,0.7222,0.7229,0.7170,0.7157,0.7584,1.35,0.1207,0.733181,0.2185,0.4944
9800,0.03888,0.7536,0.7577,0.7295,0.7540,0.7516,0.7224,0.7375,0.7288,0.7459,0.7326,0.7142,0.7106,1.69,0.0791,0.677364,0.2105,0.4950
10000,0.03230,0.7418,0.7316,0.7488,0.7475,0.7340,0.7277,0.7447,0.7378,0.7349,0.7356,0.7252,0.7005,1.87,0.1479,0.649467,0.1700,0.4938
10200,0.04001,0.7487,0.7439,0.7529,0.7533,0.7496,0.7306,0.7367,0.7421,0.7313,0.7345,0.7361,0.7553,2.64,0.0665,0.543906,0.1762,0.4941
10400,0.03738,0.7618,0.7508,0.7315,0.7457,0.7411,0.7343,0.7307,0.7334,0.7199,0.7244,0.7273,0.7147,3.60,0.1294,0.436909,0.1513,0.4938
10600,0.02906,0.7555,0.7414,0.7449,0.7302,0.7324,0.7419,0.7443,0.7387,0.7167,0.7166,0.7222,0.7554,1.90,0.1184,0.645191,0.1972,0.4937
10800,0.02058,0.7603,0.7574,0.7369,0.7416,0.7249,0.7269,0.7285,0.7454,0.7169,0.7380,0.7347,0.6696,2.40,0.0862,0.575137,0.2438,0.4939
11000,0.07508,0.7523,0.7362,0.7300,0.7339,0.7316,0.7288,0.7375,0.7219,0.7386,0.7217,0.7186,0.7471,3.56,0.1472,0.440646,0.2116,0.4929
11200,0.01304,0.7436,0.7564,0.7386,0.7293,0.7241,0.7303,0.7229,0.7397,0.7456,0.7296,0.7140,0.7357,1.74,0.1463,0.669991,0.2526,0.4957
11400,0.01251,0.7467,0.7541,0.7570,0.7542,0.7366,0.7453,0.7252,0.7340,0.7185,0.7268,0.7399,0.7527,0.58,0.0915,0.875546,0.2393,0.4933
11600,0.01409,0.7572,0.7402,0.7405,0.7370,0.7288,0.7252,0.7478,0.7474,0.7213,0.7416,0.7367,0.7146,1.73,0.0863,0.671956,0.1610,0.4944
11800,0.02099,0.7593,0.7321,0.7321,0.7392,0.7300,0.7273,0.7242,0.7351,0.7194,0.7207,0.7391,0.6915,2.20,0.1009,0.602844,0.2358,0.4940
12000,0.01573,0.7506,0.7395,0.7484,0.7409,0.7451,0.7473,0.7478,0.7315,0.7439,0.7223,0.7417,0.7089,3.03,0.0950,0.498055,0.1902,0.4951
12200,0.01835,0.7347,0.7434,0.7469,0.7530,0.7346,0.7282,0.7334,0.7218,0.7289,0.7146,0.7321,0.7162,4.15,0.1282,0.384678,0.1656,0.4909
12400,0.02539,0.7500,0.7521,0.7509,0.7534,0.7475,0.7275,0.7219,0.7371,0.7174,0.7153,0.7371,0.7565,2.26,0.1515,0.594869,0.1624,0.4948
12600,0.03202,0.7426,0.7393,0.7290,0.7426,0.7528,0.7427,0.7396,0.7350,0.7455,0.7213,0.7204,0.7462,2.38,0.1171,0.577856,0.1917,0.4929
12800,0.00713,0.7461,0.7452,0.7423,0.7345,0.7273,0.7241,0.7492,0.7303,0.7366,0.7387,0.7292,0.7333,2.13,0.0911,0.612507,0.1921,0.4957
13000,0.01204,0.7558,0.7587,0.7371,0.7264,0.7452,0.7288,0.7321,0.7435,0.7238,0.7338,0.7328,0.7142,4.29,0.1055,0.372749,0.2573,0.4945
13200,0.03366,0.7615,0.7584,0.7513,0.7344,0.7448,0.7321,0.7240,0.7196,0.7229,0.7362,0.7322,0.7074,3.79,0.1182,0.417356,0.1767,0.4932
13400,0.01629,0.7416,0.7478,0.7464,0.7550,0.7248,0.7424,0.7266,0.7329,0.7328,0.7339,0.7249,0.7560,1.82,0.0786,0.657792,0.1788,0.4946
13600,0.02194,0.7392,0.7333,0.7356,0.7500,0.7398,0.7352,0.7417,0.7320,0.7303,0.7275,0.7160,0.6768,3.94,0.1234,0.403714,0.2243,0.4943
13800,0.03105,0.7328,0.7499,0.7442,0.7299,0.7249,0.7486,0.7273,0.7472,0.7460,0.7324,0.7313,0.7165,2.89,0.0793,0.513744,0.2481,0.4942
14000,0.06010,0.7469,0.7463,0.7359,0.7379,0.7368,0.7405,0.7472,0.7325,0.7197,0.7406,0.7247,0.7103,2.74,0.0994,0.532282,0.1716,0.4960
14200,0.03660,0.7575,0.7403,0.7521,0.7415,0.7333,0.7356,0.7243,0.7284,0.7371,0.7153,0.7267,0.6661,2.69,0.0838,0.538335,0.2496,0.4959
14400,0.02664,0.7488,0.7392,0.7506,0.7309,0.7472,0.7321,0.7385,0.7328,0.7235,0.7330,0.7275,0.7562,1.58,0.0770,0.694587,0.2001,0.4917
14600,0.02514,0.7574,0.7424,0.7537,0.7501,0.7403,0.7328,0.7257,0.7270,0.7431,0.7337,0.7371,0.7238,2.70,0.0957,0.537036,0.1549,0.4943
14800,0.02907,0.7354,0.7335,0.7505,0.7304,0.7435,0.7335,0.7397,0.7330,0.7396,0.7435,0.7150,0.6780,3.99,0.1693,0.399293,0.1698,0.4936
15000,0.01483,0.7424,0.7486,0.7532,0.7274,0.7453,0.7239,0.7211,0.7279,0.7385,0.7432,0.7419,0.6848,2.25,0.1048,0.595455,0.1633,0.4943
15200,0.03280,0.7409,0.7386,0.7353,0.7491,0.7448,0.7387,0.7207,0.7302,0.7303,0.7234,0.7353,0.6806,2.05,0.1454,0.623901,0.2008,0.4928
15400,0.02829,0.7559,0.7426,0.7302,0.7508,0.7358,0.7446,0.7346,0.7187,0.7415,0.7253,0.7356,0.7152,1.92,0.1187,0.642747,0.1876,0.4935
15600,0.02588,0.7423,0.7351,0.7308,0.7413,0.7377,0.7367,0.7497,0.7381,0.7248,0.7243,0.7345,0.6918,4.24,0.1520,0.376308,0.1559,0.4949
15800,0.02974,0.7526,0.7558,0.7370,0.7496,0.7346,0.7304,0.7492,0.7378,0.7349,0.7344,0.7143,0.6852,2.77,0.0988,0.528352,0.2518,0.4937
16000,0.03052,0.7328,0.7365,0.7324,0.7387,0.7424,0.7452,0.7461,0.7326,0.7432,0.7291,0.7240,0.7220,2.02,0.0487,0.628379,0.1790,0.4957
16200,0.05829,0.7490,0.7529,0.7289,0.7509,0.7535,0.7451,0.7358,0.7429,0.7424,0.7179,0.7362,0.6991,2.29,0.1552,0.589925,0.1790,0.4922
16400,0.02262,0.7531,0.7361,0.7328,0.7333,0.7534,0.7234,0.7397,0.7279,0.7178,0.7305,0.7396,0.7384,2.95,0.1097,0.506972,0.1895,0.4953
16600,0.01755,0.7557,0.7380,0.7455,0.7459,0.7529,0.7383,0.7387,0.7392,0.7439,0.7158,0.7415,0.7483,1.28,0.0908,0.744327,0.1620,0.4940
16800,0.02288,0.7541,0.7321,0.7425,0.7346,0.7248,0.7333,0.7490,0.7375,0.7400,0.7414,0.7285,0.7192,0.79,0.0821,0.834490,0.2153,0.4971
17000,0.01206,0.7446,0.7597,0.7383,0.7542,0.7517,0.7436,0.7269,0.7281,0.7456,0.7406,0.7351,0.6820,2.64,0.1390,0.544728,0.1396,0.4949
17200,0.01032,0.7516,0.7567,0.7517,0.7531,0.7409,0.7330,0.7405,0.7336,0.7392,0.7258,0.7221,0.7546,3.87,0.1812,0.409811,0.1920,0.4952
17400,0.02557,0.7392,0.7545,0.7291,0.7432,0.7348,0.7285,0.7380,0.7232,0.7349,0.7147,0.7148,0.7128,1.97,0.0762,0.635943,0.1946,0.4946
17600,0.02264,0.7332,0.7517,0.7443,0.7427,0.7241,0.7293,0.7470,0.7217,0.7447,0.7273,0.7186,0.6727,3.24,0.1206,0.474737,0.1885,0.4911
17800,0.02916,0.7401,0.7526,0.7450,0.7446,0.7285,0.7435,0.7266,0.7262,0.7182,0.7420,0.7194,0.6991,3.52,0.1195,0.445085,0.1929,0.4940
18000,0.02528,0.7574,0.7528,0.7318,0.7357,0.7325,0.7409,0.7360,0.7477,0.7451,0.7178,0.7382,0.6648,3.39,0.1671,0.457719,0.2452,0.4938
18200,0.02476,0.7354,0.7317,0.7341,0.7294,0.7328,0.7239,0.7341,0.7197,0.7348,0.7358,0.7199,0.7160,4.44,0.1201,0.359938,0.1978,0.4977
18400,0.02549,0.7596,0.7426,0.7387,0.7335,0.7440,0.7285,0.7272,0.7437,0.7268,0.7188,0.7159,0.7414,2.35,0.0800,0.582029,0.2269,0.4955
18600,0.02430,0.7473,0.7564,0.7302,0.7345,0.7270,0.7424,0.7246,0.7262,0.7413,0.7195,0.7193,0.6722,4.25,0.1874,0.375561,0.1444,0.4939
18800,0.02888,0.7598,0.7575,0.7576,0.7276,0.7325,0.7393,0.7256,0.7288,0.7241,0.7177,0.7246,0.6626,2.89,0.1076,0.514136,0.1936,0.4929
19000,0.01525,0.7408,0.7344,0.7420,0.7327,0.7497,0.7481,0.7404,0.7211,0.7327,0.7242,0.7314,0.7474,2.76,0.0757,0.529464,0.2378,0.4935
19200,0.03072,0.7467,0.7409,0.7366,0.7384,0.7342,0.7244,0.7269,0.7402,0.7337,0.7408,0.7193,0.7019,3.97,0.1099,0.401200,0.1978,0.4937
19400,0.02041,0.7378,0.7317,0.7318,0.7323,0.7290,0.7463,0.7342,0.7427,0.7444,0.7355,0.7174,0.7073,2.88,0.1113,0.514950,0.1718,0.4941
19600,0.02622,0.7345,0.7344,0.7456,0.7480,0.7366,0.7317,0.7368,0.7418,0.7444,0.7378,0.7176,0.7478,3.81,0.1154,0.415725,0.2271,0.4958
19800,0.01992,0.7592,0.7584,0.7510,0.7458,0.7266,0.7375,0.7455,0.7449,0.7407,0.7392,0.7342,0.6973,1.66,0.1062,0.681577,0.2425,0.4938
20000,0.06340,0.7437,0.7302,0.7516,0.7430,0.7457,0.7385,0.7491,0.7334,0.7286,0.7294,0.7255,0.6834,1.97,0.1481,0.634730,0.3017,0.4949
20200,0.01819,0.7551,0.7386,0.7456,0.7482,0.7361,0.7443,0.7226,0.7455,0.7226,0.7264,0.7228,0.7475,3.49,0.1431,0.447795,0.2419,0.4930
20400,0.01442,0.7578,0.7421,0.7400,0.7275,0.7500,0.7347,0.7276,0.7407,0.7187,0.7375,0.7184,0.7313,3.19,0.1250,0.480084,0.1717,0.4929
20600,0.02184,0.7554,0.7387,0.7417,0.7436,0.7282,0.7230,0.7405,0.7274,0.7446,0.7399,0.7147,0.6845,2.16,0.1568,0.608633,0.1852,0.4933
20800,0.03232,0.7353,0.7374,0.7352,0.7378,0.7459,0.7225,0.7217,0.7250,0.7302,0.7217,0.7222,0.7503,3.34,0.1306,0.463748,0.1351,0.4951
21000,0.02726,0.7486,0.7339,0.7396,0.7556,0.7264,0.7380,0.7451,0.7453,0.7191,0.7266,0.7342,0.7171,3.12,0.0840,0.487224,0.2374,0.4946
21200,0.02456,0.7571,0.7355,0.7411,0.7268,0.7519,0.7425,0.7274,0.7445,0.7236,0.7369,0.7281,0.7309,1.78,0.1207,0.663996,0.1655,0.4951
21400,0.05232,0.7325,0.7371,0.7457,0.7450,0.7302,0.7326,0.7287,0.7458,0.7409,0.7342,0.7388,0.6834,3.60,0.1463,0.436702,0.1747,0.4941
21600,0.01777,0.7498,0.7478,0.7453,0.7308,0.7469,0.7506,0.7471,0.7330,0.7323,0.7278,0.7338,0.6627,3.07,0.1117,0.493679,0.2144,0.4933
21800,0.02610,0.7402,0.7498,0.7310,0.7494,0.7475,0.7296,0.7406,0.7403,0.7432,0.7163,0.7401,0.7523,3.41,0.1562,0.455994,0.2039,0.4928
22000,0.03252,0.7462,0.7509,0.7522,0.7474,0.7288,0.7436,0.7332,0.7206,0.7370,0.7153,0.7136,0.7598,2.53,0.1150,0.558849,0.2113,0.4943
22200,0.01818,0.7356,0.7458,0.7447,0.7435,0.7287,0.7444,0.7359,0.7326,0.7169,0.7154,0.7303,0.7486,1.60,0.1101,0.692475,0.2142,0.4936
22400,0.02046,0.7400,0.7373,0.7513,0.7344,0.7327,0.7501,0.7456,0.7312,0.7173,0.7390,0.7343,0.6756,2.84,0.0802,0.520137,0.1516,0.4950
22600,0.01312,0.7428,0.7305,0.7309,0.7430,0.7400,0.7235,0.7386,0.7322,0.7427,0.7357,0.7220,0.7372,1.46,0.0681,0.714356,0.2394,0.4940
22800,0.03413,0.7417,0.7437,0.7426,0.7426,0.7503,0.7441,0.7298,0.7462,0.7309,0.7373,0.7171,0.6719,2.66,0.1130,0.541485,0.2173,0.4935
23000,0.02434,0.7343,0.7491,0.7501,0.7503,0.7328,0.7326,0.7248,0.7295,0.7219,0.7147,0.7270,0.7488,3.25,0.1391,0.473695,0.2503,0.4938
23200,0.02353,0.7488,0.7346,0.7282,0.7530,0.7465,0.7315,0.7416,0.7448,0.7422,0.7171,0.7391,0.6758,1.72,0.0813,0.672989,0.2418,0.4945
23400,0.00799,0.7580,0.7477,0.7321,0.7363,0.7344,0.7456,0.7378,0.7398,0.7269,0.7278,0.7256,0.7362,3.17,0.1203,0.481841,0.1050,0.4962
23600,0.02328,0.7613,0.7342,0.7566,0.7467,0.7443,0.7496,0.7349,0.7438,0.7321,0.7186,0.7127,0.6632,1.70,0.1462,0.676695,0.1715,0.4935
23800,0.01857,0.7427,0.7534,0.7566,0.7538,0.7320,0.7296,0.7494,0.7455,0.7229,0.7409,0.7288,0.6952,2.97,0.1075,0.504720,0.1528,0.4962
24000,0.01623,0.7457,0.7423,0.7342,0.7370,0.7434,0.7426,0.7439,0.7351,0.7372,0.7166,0.7257,0.7114,2.78,0.1677,0.526777,0.2609,0.4926
24200,0.04394,0.7414,0.7359,0.7318,0.7316,0.7364,0.7226,0.7317,0.7374,0.7328,0.7207,0.7334,0.7076,4.29,0.1471,0.372599,0.1605,0.4935
24400,0.02507,0.7372,0.7503,0.7329,0.7470,0.7252,0.7327,0.7474,0.7220,0.7282,0.7347,0.7139,0.7389,2.90,0.1068,0.513414,0.1564,0.4937
24600,0.00880,0.7424,0.7444,0.7347,0.7311,0.7533,0.7483,0.7470,0.7297,0.7308,0.7148,0.7226,0.6892,3.43,0.1227,0.454412,0.1943,0.4947
24800,0.04666,0.7571,0.7376,0.7366,0.7514,0.7536,0.7396,0.7334,0.7218,0.7431,0.7304,0.7266,0.6682,3.21,0.1030,0.477836,0.2661,0.4930
25000,0.02609,0.7410,0.7479,0.7513,0.7265,0.7382,0.7504,0.7325,0.7475,0.7277,0.7223,0.7418,0.6706,1.51,0.0921,0.706528,0.1890,0.4951
25200,0.03130,0.7496,0.7363,0.7338,0.7370,0.7473,0.7336,0.7210,0.7413,0.7286,0.7167,0.7348,0.6808,3.97,0.1219,0.401137,0.2542,0.4932
25400,0.02461,0.7391,0.7471,0.7366,0.7411,0.7263,0.7471,0.7289,0.7195,0.7383,0.7143,0.7254,0.7199,2.49,0.1280,0.563134,0.1713,0.4937
25600,0.02222,0.7331,0.7595,0.7456,0.7507,0.7281,0.7272,0.7380,0.7210,0.7431,0.7402,0.7370,0.6771,1.99,0.0711,0.632152,0.2485,0.4943
25800,0.01662,0.7404,0.7509,0.7446,0.7411,0.7374,0.7283,0.7355,0.7237,0.7312,0.7364,0.7410,0.7564,4.52,0.2297,0.353222,0.2393,0.4929
26000,0.03395,0.7371,0.7593,0.7319,0.7426,0.7335,0.7470,0.7455,0.7310,0.7280,0.7195,0.7261,0.7226,2.19,0.0717,0.603917,0.1388,0.4948
26200,0.04364,0.7463,0.7520,0.7423,0.7276,0.7242,0.7241,0.7309,0.7315,0.7374,0.7159,0.7341,0.7346,2.73,0.0548,0.533712,0.1928,0.4951
26400,0.01562,0.7404,0.7450,0.7405,0.7456,0.7450,0.7309,0.7318,0.7377,0.7360,0.7166,0.7302,0.7536,2.92,0.0933,0.511024,0.2719,0.4943
26600,0.02538,0.7457,0.7538,0.7402,0.7505,0.7275,0.7367,0.7343,0.7434,0.7357,0.7181,0.7329,0.7498,2.73,0.0722,0.533327,0.1766,0.4948
26800,0.03033,0.7503,0.7403,0.7390,0.7512,0.7439,0.7280,0.7229,0.7181,0.7377,0.7247,0.7269,0.7496,3.19,0.0835,0.479561,0.2138,0.4946
27000,0.02288,0.7550,0.7419,0.7326,0.7484,0.7307,0.7255,0.7289,0.7228,0.7413,0.7269,0.7388,0.6638,1.72,0.0778,0.673139,0.2160,0.4938
27200,0.01783,0.7438,0.7534,0.7523,0.7343,0.7306,0.7332,0.7213,0.7465,0.7283,0.7344,0.7304,0.6650,2.03,0.1135,0.627218,0.2121,0.4941
27400,0.02185,0.7384,0.7480,0.7561,0.7507,0.7333,0.7386,0.7407,0.7270,0.7219,0.7266,0.7400,0.6822,3.47,0.0815,0.449599,0.1655,0.4935
27600,0.02170,0.7369,0.7410,0.7454,0.7484,0.7383,0.7371,0.7211,0.7354,0.7333,0.7156,0.7224,0.6954,2.46,0.1650,0.568085,0.1735,0.4944
27800,0.01511,0.7334,0.7424,0.7461,0.7329,0.7345,0.7235,0.7311,0.7310,0.7283,0.7349,0.7352,0.6941,2.80,0.1137,0.524475,0.1770,0.4932
28000,0.01057,0.7519,0.7488,0.7436,0.7379,0.7335,0.7287,0.7399,0.7431,0.7259,0.7175,0.7266,0.6617,2.77,0.1218,0.528475,0.1868,0.4949
28200,0.05238,0.7478,0.7501,0.7286,0.7448,0.7535,0.7404,0.7242,0.7292,0.7457,0.7427,0.7365,0.6652,1.83,0.1065,0.656471,0.2097,0.4938
28400,0.00861,0.7541,0.7543,0.7307,0.7284,0.7369,0.7302,0.7320,0.7439,0.7301,0.7166,0.7138,0.7463,2.58,0.0980,0.552612,0.1970,0.4939
28600,0.02018,0.7479,0.7438,0.7365,0.7289,0.7488,0.7273,0.7267,0.7467,0.7241,0.7294,0.7287,0.7082,2.88,0.0886,0.515583,0.1950,0.4967
28800,0.02302,0.7379,0.7592,0.7329,0.7361,0.7357,0.7515,0.7340,0.7331,0.7390,0.7222,0.7280,0.6853,2.23,0.0800,0.598217,0.1825,0.4973
29000,0.01284,0.7323,0.7484,0.7414,0.7300,0.7308,0.7361,0.7336,0.7352,0.7270,0.7177,0.7143,0.7571,3.70,0.1307,0.426167,0.2399,0.4923
29200,0.01445,0.7579,0.7546,0.7520,0.7353,0.7250,0.7223,0.7208,0.7418,0.7449,0.7381,0.7235,0.7242,1.55,0.0820,0.699993,0.2227,0.4963
29400,0.06344,0.7438,0.7587,0.7401,0.7539,0.7330,0.7399,0.7479,0.7426,0.7351,0.7334,0.7180,0.6874,3.14,0.0774,0.485397,0.1604,0.4942
29600,0.01424,0.7341,0.7433,0.7565,0.7526,0.7332,0.7303,0.7349,0.7352,0.7342,0.7271,0.7230,0.6965,1.39,0.0730,0.725854,0.2969,0.4943
29800,0.02303,0.7619,0.7512,0.7400,0.7299,0.7462,0.7515,0.7405,0.7381,0.7216,0.7233,0.7338,0.6954,1.76,0.0556,0.666412,0.2414,0.4953
30000,0.05631,0.7556,0.7589,0.7490,0.7279,0.7351,0.7434,0.7321,0.7317,0.7379,0.7267,0.7170,0.7328,3.35,0.1204,0.462697,0.1586,0.4962
30200,0.01828,0.7533,0.7488,0.7443,0.7464,0.7317,0.7455,0.7442,0.7303,0.7420,0.7389,0.7394,0.7280,3.33,0.1056,0.464386,0.1909,0.4927
30400,0.02059,0.7587,0.7472,0.7314,0.7295,0.7299,0.7253,0.7245,0.7435,0.7280,0.7271,0.7184,0.7207,2.77,0.1345,0.528845,0.2635,0.4922
30600,0.05969,0.7505,0.7324,0.7413,0.7391,0.7460,0.7222,0.7272,0.7453,0.7263,0.7190,0.7176,0.6819,4.81,0.1462,0.330733,0.1773,0.4929
30800,0.04132,0.7592,0.7319,0.7488,0.7459,0.7485,0.7408,0.7261,0.7332,0.7444,0.7302,0.7175,0.7134,4.40,0.0957,0.363242,0.2593,0.4949
31000,0.01725,0.7456,0.7457,0.7520,0.7318,0.7391,0.7359,0.7283,0.7395,0.7459,0.7235,0.7291,0.7375,3.02,0.0811,0.498536,0.1787,0.4930
31200,0.01967,0.7423,0.7417,0.7490,0.7381,0.7374,0.7235,0.7306,0.7466,0.7268,0.7400,0.7140,0.7460,1.46,0.1168,0.714917,0.2033,0.4946
31400,0.01545,0.7615,0.7480,0.7561,0.7363,0.7246,0.7280,0.7442,0.7214,0.7198,0.7283,0.7305,0.6820,3.52,0.1174,0.444210,0.1781,0.4944
31600,0.03185,0.7352,0.7436,0.7544,0.7302,0.7493,0.7505,0.7249,0.7291,0.7425,0.7396,0.7180,0.6772,2.39,0.1156,0.577276,0.1921,0.4952
31800,0.01241,0.7479,0.7351,0.7433,0.7459,0.7392,0.7296,0.7442,0.7251,0.7315,0.7416,0.7285,0.6652,3.36,0.1472,0.461824,0.1992,0.4951
32000,0.01469,0.7320,0.7369,0.7477,0.7350,0.7278,0.7311,0.7388,0.7396,0.7428,0.7400,0.7142,0.7025,1.61,0.0815,0.690657,0.2355,0.4938
32200,0.01497,0.7389,0.7549,0.7369,0.7410,0.7457,0.7470,0.7248,0.7446,0.7450,0.7434,0.7155,0.6840,0.94,0.0727,0.805696,0.2525,0.4955
32400,0.01528,0.7448,0.7468,0.7392,0.7334,0.7284,0.7271,0.7495,0.7365,0.7431,0.7369,0.7380,0.7014,1.82,0.1141,0.657553,0.2031,0.4938
32600,0.04502,0.7336,0.7515,0.7419,0.7404,0.7474,0.7235,0.7338,0.7407,0.7223,0.7271,0.7358,0.7327,4.66,0.0949,0.342104,0.2107,0.4960
32800,0.06254,0.7414,0.7363,0.7578,0.7358,0.7440,0.7464,0.7344,0.7356,0.7392,0.7301,0.7183,0.6929,1.31,0.0921,0.738847,0.2338,0.4940
33000,0.01744,0.7472,0.7345,0.7370,0.7495,0.7319,0.7274,0.7268,0.7225,0.7362,0.7162,0.7287,0.6608,2.03,0.1365,0.627201,0.1973,0.4942
33200,0.01711,0.7596,0.7483,0.7282,0.7473,0.7299,0.7229,0.7383,0.7364,0.7444,0.7387,0.7372,0.7218,3.20,0.1358,0.478172,0.2059,0.4922
33400,0.01456,0.7492,0.7348,0.7432,0.7376,0.7506,0.7233,0.7489,0.7237,0.7206,0.7267,0.7169,0.7597,3.18,0.0932,0.480472,0.1885,0.4936
33600,0.02529,0.7538,0.7311,0.7496,0.7349,0.7284,0.7256,0.7362,0.7437,0.7307,0.7275,0.7353,0.7566,3.73,0.1220,0.423916,0.2156,0.4948
33800,0.07017,0.7409,0.7388,0.7289,0.7358,0.7502,0.7350,0.7302,0.7423,0.7295,0.7230,0.7235,0.6746,4.92,0.1747,0.322051,0.1986,0.4946
34000,0.01906,0.7535,0.7538,0.7498,0.7299,0.7448,0.7379,0.7430,0.7186,0.7271,0.7229,0.7288,0.7037,2.29,0.0977,0.589875,0.1579,0.4948
34200,0.01300,0.7563,0.7573,0.7478,0.7408,0.7482,0.7447,0.7202,0.7201,0.7307,0.7370,0.7323,0.7204,2.58,0.1543,0.551763,0.1763,0.4946
34400,0.02767,0.7519,0.7588,0.7309,0.7433,0.7413,0.7377,0.7244,0.7282,0.7270,0.7169,0.7264,0.7517,2.34,0.1064,0.582777,0.1844,0.4940
34600,0.03363,0.7503,0.7577,0.7449,0.7378,0.7367,0.7379,0.7359,0.7466,0.7204,0.7367,0.7192,0.6838,3.63,0.1458,0.433328,0.2038,0.4953
34800,0.01823,0.7596,0.7540,0.7573,0.7331,0.7406,0.7448,0.7247,0.7216,0.7224,0.7297,0.7281,0.7066,2.80,0.0775,0.524846,0.2241,0.4946
35000,0.03555,0.7565,0.7380,0.7380,0.7261,0.7517,0.7267,0.7302,0.7247,0.7353,0.7357,0.7212,0.7483,3.86,0.1125,0.411132,0.1632,0.4954
35200,0.02844,0.7422,0.7582,0.7458,0.7358,0.7535,0.7257,0.7410,0.7416,0.7266,0.7428,0.7263,0.6982,2.89,0.1787,0.513745,0.2055,0.4952
35400,0.03198,0.7494,0.7339,0.7398,0.7440,0.7304,0.7428,0.7408,0.7218,0.7437,0.7430,0.7234,0.7589,1.45,0.0649,0.716583,0.1498,0.4932
35600,0.03591,0.7544,0.7579,0.7360,0.7503,0.7322,0.7512,0.7304,0.7416,0.7228,0.7260,0.7163,0.7572,2.22,0.0729,0.600234,0.1882,0.4955
35800,0.02231,0.7352,0.7549,0.7509,0.7364,0.7478,0.7401,0.7256,0.7404,0.7394,0.7174,0.7257,0.6704,3.30,0.1716,0.468158,0.1977,0.4950
36000,0.01861,0.7391,0.7594,0.7357,0.7542,0.7381,0.7430,0.7303,0.7300,0.7359,0.7215,0.7297,0.6629,3.46,0.2262,0.450393,0.2537,0.4945
36200,0.01842,0.7613,0.7578,0.7446,0.7396,0.7361,0.7276,0.7500,0.7219,0.7367,0.7226,0.7200,0.7148,2.34,0.0933,0.583892,0.2495,0.4961
36400,0.03846,0.7477,0.7506,0.7344,0.7520,0.7382,0.7502,0.7253,0.7363,0.7439,0.7314,0.7334,0.7391,2.76,0.1342,0.529325,0.2349,0.4951
36600,0.01688,0.7335,0.7470,0.7520,0.7447,0.7490,0.7281,0.7493,0.7185,0.7196,0.7177,0.7173,0.6757,1.46,0.0890,0.715298,0.1978,0.4946
36800,0.02131,0.7510,0.7392,0.7460,0.7469,0.7311,0.7273,0.7463,0.7272,0.7174,0.7177,0.7153,0.7059,2.31,0.1224,0.587851,0.2201,0.4943
37000,0.00719,0.7589,0.7398,0.7292,0.7286,0.7482,0.7365,0.7300,0.7285,0.7425,0.7326,0.7396,0.6791,5.84,0.1389,0.260793,0.1953,0.4932
37200,0.00898,0.7481,0.7396,0.7517,0.7335,0.7420,0.7481,0.7413,0.7255,0.7326,0.7428,0.7291,0.7559,3.24,0.1683,0.473802,0.1783,0.4922
37400,0.01873,0.7420,0.7522,0.7506,0.7344,0.7367,0.7303,0.7242,0.7247,0.7431,0.7197,0.7236,0.6851,2.09,0.1504,0.618257,0.2297,0.4942
37600,0.03548,0.7431,0.7503,0.7471,0.7319,0.7406,0.7265,0.7443,0.7321,0.7271,0.7258,0.7302,0.7227,4.35,0.1107,0.367422,0.1926,0.4924
37800,0.01086,0.7407,0.7382,0.7481,0.7504,0.7249,0.7382,0.7450,0.7252,0.7224,0.7158,0.7336,0.6629,1.25,0.0335,0.750498,0.2410,0.4964
38000,0.02951,0.7611,0.7380,0.7443,0.7261,0.7331,0.7351,0.7474,0.7396,0.7184,0.7324,0.7221,0.7214,3.05,0.1096,0.495944,0.1686,0.4948
38200,0.03567,0.7468,0.7553,0.7544,0.7302,0.7522,0.7322,0.7259,0.7396,0.7410,0.7323,0.7249,0.7017,1.15,0.0973,0.767849,0.2649,0.4929
38400,0.01645,0.7557,0.7510,0.7520,0.7270,0.7329,0.7438,0.7339,0.7402,0.7248,0.7408,0.7123,0.7429,3.68,0.1082,0.428650,0.2150,0.4922
38600,0.02197,0.7332,0.7593,0.7378,0.7478,0.7303,0.7452,0.7345,0.7219,0.7359,0.7275,0.7410,0.6624,1.82,0.1779,0.657154,0.1871,0.4948
38800,0.02152,0.7407,0.7452,0.7401,0.7479,0.7394,0.7269,0.7411,0.7197,0.7435,0.7324,0.7414,0.7078,2.52,0.0960,0.559456,0.1336,0.4960
39000,0.02803,0.7401,0.7457,0.7316,0.7522,0.7251,0.7395,0.7207,0.7195,0.7268,0.7255,0.7218,0.6718,2.45,0.1163,0.568969,0.1521,0.4951
39200,0.02907,0.7434,0.7594,0.7286,0.7541,0.7489,0.7433,0.7440,0.7302,0.7454,0.7439,0.7361,0.7401,4.45,0.1311,0.358710,0.1489,0.4941
39400,0.02654,0.7345,0.7547,0.7505,0.7500,0.7436,0.7475,0.7439,0.7198,0.7257,0.7333,0.7190,0.6918,0.51,0.0913,0.890184,0.2166,0.4941
39600,0.00431,0.7478,0.7536,0.7365,0.7547,0.7510,0.7448,0.7326,0.7349,0.7396,0.7349,0.7224,0.7593,4.48,0.1965,0.356209,0.1709,0.4922
39800,0.01792,0.7444,0.7449,0.7445,0.7261,0.7530,0.7484,0.7409,0.7302,0.7324,0.7245,0.7231,0.7502,2.34,0.1154,0.583545,0.2371,0.4944
40000,0.00686,0.7594,0.7509,0.7565,0.7552,0.7398,0.7330,0.7253,0.7457,0.7208,0.7261,0.7278,0.6717,3.68,0.1257,0.428251,0.1242,0.4935
40200,0.00915,0.7330,0.7343,0.7526,0.7506,0.7389,0.7374,0.7438,0.7276,0.7348,0.7282,0.7332,0.7558,3.03,0.1190,0.498045,0.2219,0.4943
40400,0.02460,0.7406,0.7389,0.7501,0.7502,0.7266,0.7322,0.7222,0.7318,0.7164,0.7207,0.7324,0.7010,2.58,0.0968,0.552448,0.2044,0.4934
40600,0.03007,0.7421,0.7471,0.7414,0.7445,0.7429,0.7223,0.7281,0.7209,0.7162,0.7194,0.7131,0.7391,1.59,0.0659,0.693481,0.1808,0.4925
40800,0.01795,0.7414,0.7403,0.7449,0.7310,0.7531,0.7241,0.7380,0.7270,0.7457,0.7248,0.7140,0.7228,2.17,0.1541,0.606164,0.2216,0.4937
41000,0.01224,0.7612,0.7449,0.7355,0.7439,0.7424,0.7306,0.7452,0.7324,0.7241,0.7159,0.7357,0.7439,2.04,0.0815,0.625453,0.2327,0.4922
41200,0.02413,0.7384,0.7373,0.7350,0.7336,0.7477,0.7241,0.7412,0.7415,0.7291,0.7164,0.7290,0.6982,2.66,0.1034,0.541467,0.1972,0.4957
41400,0.04495,0.7342,0.7345,0.7538,0.7333,0.7464,0.7376,0.7434,0.7422,0.7435,0.7335,0.7337,0.6943,1.90,0.1255,0.645562,0.1891,0.4927
41600,0.03022,0.7500,0.7548,0.7291,0.7556,0.7458,0.7427,0.7288,0.7358,0.7310,0.7401,0.7134,0.7201,4.28,0.1220,0.373426,0.1837,0.4932
41800,0.04492,0.7383,0.7359,0.7555,0.7352,0.7397,0.7442,0.7311,0.7233,0.7174,0.7387,0.7212,0.6601,2.18,0.1249,0.604956,0.2023,0.4939
42000,0.01804,0.7410,0.7485,0.7432,0.7549,0.7493,0.7478,0.7416,0.7441,0.7386,0.7191,0.7208,0.6995,2.96,0.1058,0.506130,0.2037,0.4939
42200,0.04229,0.7415,0.7498,0.7287,0.7559,0.7336,0.7236,0.7404,0.7266,0.7294,0.7331,0.7359,0.7255,2.66,0.0974,0.542623,0.2046,0.4930
42400,0.00895,0.7617,0.7391,0.7302,0.7427,0.7474,0.7280,0.7417,0.7457,0.7430,0.7141,0.7385,0.6798,4.35,0.1116,0.367058,0.1555,0.4938
42600,0.01328,0.7589,0.7578,0.7378,0.7502,0.7268,0.7332,0.7418,0.7438,0.7403,0.7163,0.7386,0.6747,1.40,0.1000,0.724463,0.2584,0.4944
42800,0.01715,0.7554,0.7586,0.7511,0.7411,0.7514,0.7518,0.7346,0.7383,0.7420,0.7421,0.7364,0.6776,2.96,0.0848,0.506008,0.2112,0.4953
43000,0.03462,0.7578,0.7379,0.7354,0.7441,0.7321,0.7391,0.7496,0.7401,0.7261,0.7270,0.7299,0.7291,2.96,0.1263,0.506167,0.1824,0.4947
43200,0.02197,0.7601,0.7536,0.7398,0.7519,0.7425,0.7510,0.7352,0.7348,0.7432,0.7290,0.7399,0.6882,3.81,0.0998,0.415782,0.2083,0.4933
43400,0.03525,0.7487,0.7411,0.7424,0.7494,0.7446,0.7265,0.7201,0.7437,0.7321,0.7277,0.7352,0.6998,1.73,0.0682,0.671995,0.1851,0.4918
43600,0.01478,0.7417,0.7360,0.7360,0.7350,0.7431,0.7258,0.7499,0.7331,0.7194,0.7173,0.7400,0.7321,2.82,0.0988,0.521965,0.2410,0.4949
43800,0.04189,0.7540,0.7387,0.7356,0.7356,0.7513,0.7355,0.7211,0.7290,0.7162,0.7213,0.7231,0.6918,2.06,0.1897,0.622442,0.2755,0.4935
44000,0.05057,0.7474,0.7502,0.7513,0.7321,0.7423,0.7276,0.7435,0.7375,0.7435,0.7416,0.7187,0.7203,1.34,0.0979,0.734893,0.2046,0.4940
44200,0.03801,0.7616,0.7436,0.7561,0.7294,0.7392,0.7247,0.7495,0.7232,0.7436,0.7287,0.7192,0.6724,3.50,0.1238,0.446380,0.2028,0.4929
44400,0.03493,0.7352,0.7307,0.7563,0.7468,0.7415,0.7302,0.7349,0.7328,0.7184,0.7222,0.7263,0.7213,3.10,0.1384,0.489883,0.1532,0.4951
44600,0.04622,0.7579,0.7460,0.7521,0.7378,0.7305,0.7363,0.7242,0.7395,0.7318,0.7231,0.7151,0.6726,3.02,0.0829,0.499437,0.2091,0.4933
44800,0.05625,0.7561,0.7349,0.7440,0.7465,0.7537,0.7422,0.7235,0.7203,0.7161,0.7206,0.7405,0.7192,2.81,0.1818,0.524035,0.1787,0.4919
45000,0.02114,0.7482,0.7394,0.7566,0.7390,0.7529,0.7224,0.7296,0.7304,0.7439,0.7296,0.7167,0.7301,3.36,0.1182,0.461842,0.2140,0.4935
45200,0.02783,0.7550,0.7364,0.7401,0.7399,0.7498,0.7518,0.7415,0.7338,0.7384,0.7426,0.7158,0.6912,3.03,0.0794,0.497799,0.1818,0.4960
45400,0.03357,0.7467,0.7326,0.7295,0.7364,0.7531,0.7333,0.7257,0.7205,0.7298,0.7341,0.7290,0.7094,2.05,0.0880,0.624040,0.1887,0.4957
45600,0.01033,0.7581,0.7341,0.7288,0.7484,0.7418,0.7439,0.7330,0.7418,0.7318,0.7192,0.7321,0.7039,1.89,0.1172,0.646718,0.1621,0.4935
45800,0.02655,0.7417,0.7355,0.7467,0.7284,0.7498,0.7355,0.7473,0.7383,0.7420,0.7210,0.7229,0.6906,2.05,0.1649,0.623932,0.2215,0.4921
46000,0.01675,0.7371,0.7551,0.7566,0.7319,0.7384,0.7290,0.7422,0.7407,0.7283,0.7285,0.7241,0.7227,3.38,0.1719,0.459202,0.1458,0.4919
46200,0.03364,0.7357,0.7316,0.7398,0.7535,0.7281,0.7291,0.7297,0.7387,0.7378,0.7374,0.7211,0.7262,4.43,0.1357,0.360757,0.2145,0.4912
46400,0.00967,0.7615,0.7585,0.7558,0.7534,0.7376,0.7432,0.7498,0.7420,0.7257,0.7271,0.7206,0.6921,3.23,0.1372,0.475344,0.2268,0.4953
46600,0.02168,0.7391,0.7468,0.7395,0.7383,0.7250,0.7493,0.7384,0.7317,0.7240,0.7398,0.7174,0.6680,1.65,0.0953,0.684170,0.1782,0.4941
46800,0.03113,0.7464,0.7533,0.7282,0.7528,0.7296,0.7352,0.7326,0.7243,0.7389,0.7249,0.7418,0.6969,2.84,0.1445,0.519619,0.2349,0.4948
47000,0.01723,0.7585,0.7399,0.7527,0.7520,0.7244,0.7305,0.7362,0.7388,0.7438,0.7345,0.7329,0.6999,3.93,0.1147,0.404160,0.1761,0.4926
47200,0.05258,0.7517,0.7557,0.7575,0.7266,0.7368,0.7281,0.7336,0.7199,0.7246,0.7339,0.7345,0.6624,3.36,0.1186,0.461234,0.1939,0.4961
47400,0.01707,0.7320,0.7535,0.7572,0.7400,0.7491,0.7256,0.7459,0.7435,0.7378,0.7412,0.7349,0.6626,2.95,0.0648,0.507536,0.1872,0.4932
47600,0.03414,0.7348,0.7460,0.7406,0.7410,0.7281,0.7427,0.7226,0.7293,0.7382,0.7387,0.7224,0.6944,3.69,0.1544,0.427615,0.2380,0.4955
47800,0.01397,0.7424,0.7474,0.7529,0.7442,0.7507,0.7485,0.7350,0.7278,0.7401,0.7174,0.7390,0.7204,3.43,0.1028,0.453796,0.2129,0.4957
48000,0.02151,0.7525,0.7483,0.7290,0.7331,0.7252,0.7434,0.7390,0.7301,0.7247,0.7242,0.7270,0.6823,3.48,0.1814,0.448253,0.2151,0.4949
48200,0.02231,0.7512,0.7493,0.7505,0.7403,0.7533,0.7434,0.7329,0.7288,0.7210,0.7328,0.7220,0.7419,2.56,0.1632,0.554565,0.1740,0.4929
48400,0.04822,0.7366,0.7383,0.7442,0.7468,0.7444,0.7269,0.7266,0.7400,0.7410,0.7325,0.7406,0.7478,1.91,0.1049,0.644499,0.2041,0.4946
48600,0.01964,0.7383,0.7450,0.7298,0.7473,0.7373,0.7480,0.7204,0.7195,0.7427,0.7170,0.7189,0.6681,2.62,0.1327,0.546580,0.2198,0.4926
48800,0.03101,0.7543,0.7569,0.7357,0.7303,0.7297,0.7297,0.7238,0.7277,0.7218,0.7412,0.7282,0.7080,1.95,0.1026,0.637910,0.2144,0.4941
49000,0.03799,0.7599,0.7397,0.7474,0.7325,0.7466,0.7270,0.7469,0.7424,0.7336,0.7142,0.7242,0.6824,4.44,0.1216,0.359795,0.2068,0.4919
49200,0.01238,0.7325,0.7306,0.7506,0.7343,0.7322,0.7228,0.7397,0.7206,0.7398,0.7148,0.7328,0.6723,4.87,0.1608,0.326186,0.1998,0.4915
49400,0.02182,0.7519,0.7433,0.7414,0.7367,0.7495,0.7364,0.7323,0.7414,0.7166,0.7390,0.7179,0.7049,3.71,0.1604,0.425347,0.1408,0.4954
49600,0.01345,0.7506,0.7480,0.7579,0.7306,0.7389,0.7346,0.7249,0.7472,0.7204,0.7435,0.7178,0.7265,2.38,0.0850,0.577701,0.2695,0.4951
49800,0.01314,0.7574,0.7560,0.7386,0.7497,0.7512,0.7403,0.7479,0.7277,0.7171,0.7259,0.7378,0.7006,3.13,0.1066,0.485877,0.1935,0.4929
50000,0.01584,0.7410,0.7490,0.7330,0.7385,0.7531,0.7355,0.7450,0.7375,0.7356,0.7259,0.7320,0.7233,2.92,0.1444,0.510284,0.2000,0.4947
50200,0.02162,0.7498,0.7415,0.7286,0.7441,0.7344,0.7421,0.7381,0.7339,0.7233,0.7429,0.7338,0.6983,3.25,0.0862,0.473649,0.1927,0.4967
50400,0.00860,0.7357,0.7326,0.7341,0.7349,0.7440,0.7436,0.7377,0.7256,0.7266,0.7234,0.7199,0.7301,1.71,0.1022,0.674143,0.1808,0.4945
50600,0.04241,0.7535,0.7444,0.7377,0.7316,0.7412,0.7493,0.7330,0.7421,0.7258,0.7402,0.7256,0.7542,2.77,0.0998,0.528441,0.1487,0.4951
50800,0.02527,0.7531,0.7583,0.7382,0.7533,0.7456,0.7505,0.7245,0.7238,0.7323,0.7219,0.7344,0.6925,2.30,0.1291,0.588490,0.2140,0.4959
51000,0.05061,0.7577,0.7393,0.7286,0.7541,0.7507,0.7463,0.7432,0.7341,0.7331,0.7216,0.7174,0.7150,2.41,0.0832,0.573639,0.1919,0.4952
51200,0.01673,0.7328,0.7455,0.7392,0.7261,0.7519,0.7370,0.7298,0.7407,0.7338,0.7333,0.7338,0.7509,2.68,0.1268,0.539327,0.2141,0.4940
51400,0.01889,0.7368,0.7501,0.7515,0.7510,0.7360,0.7246,0.7451,0.7431,0.7355,0.7310,0.7323,0.6670,0.68,0.0500,0.855445,0.1924,0.4937
51600,0.01931,0.7410,0.7476,0.7433,0.7551,0.7254,0.7463,0.7485,0.7423,0.7298,0.7440,0.7183,0.7516,2.35,0.0866,0.581777,0.1739,0.4931
51800,0.02264,0.7514,0.7416,0.7460,0.7522,0.7400,0.7251,0.7301,0.7238,0.7338,0.7393,0.7287,0.7531,2.30,0.0995,0.588985,0.2207,0.4938
52000,0.04307,0.7325,0.7325,0.7306,0.7426,0.7429,0.7473,0.7279,0.7322,0.7259,0.7250,0.7283,0.7416,3.38,0.1156,0.458831,0.1916,0.4957
52200,0.00830,0.7488,0.7394,0.7500,0.7488,0.7360,0.7479,0.7485,0.7329,0.7451,0.7188,0.7386,0.6805,0.71,0.0823,0.848971,0.1541,0.4941
52400,0.00930,0.7580,0.7573,0.7451,0.7355,0.7293,0.7333,0.7210,0.7441,0.7229,0.7143,0.7418,0.7432,2.27,0.1815,0.593287,0.1564,0.4933
52600,0.00623,0.7475,0.7323,0.7489,0.7349,0.7279,0.7313,0.7213,0.7444,0.7269,0.7393,0.7395,0.7270,3.72,0.1197,0.424581,0.2447,0.4938
52800,0.01691,0.7569,0.7430,0.7534,0.7360,0.7486,0.7393,0.7342,0.7259,0.7163,0.7300,0.7185,0.6716,3.36,0.1206,0.461451,0.1629,0.4940
53000,0.01271,0.7613,0.7535,0.7324,0.7442,0.7324,0.7373,0.7496,0.7450,0.7222,0.7328,0.7257,0.7300,3.76,0.0858,0.421206,0.1837,0.4957
53200,0.01123,0.7579,0.7569,0.7457,0.7531,0.7340,0.7430,0.7236,0.7273,0.7322,0.7234,0.7351,0.7310,2.67,0.0900,0.540601,0.1802,0.4939
53400,0.01602,0.7564,0.7355,0.7317,0.7298,0.7360,0.7377,0.7390,0.7219,0.7213,0.7368,0.7397,0.6718,3.22,0.1388,0.475946,0.2516,0.4936
53600,0.01412,0.7489,0.7353,0.7520,0.7496,0.7411,0.7446,0.7261,0.7293,0.7213,0.7185,0.7170,0.7027,2.98,0.0866,0.503672,0.1923,0.4941
53800,0.03428,0.7452,0.7447,0.7368,0.7369,0.7366,0.7418,0.7317,0.7323,0.7277,0.7219,0.7205,0.7476,2.41,0.1086,0.573785,0.2392,0.4933
54000,0.03939,0.7522,0.7561,0.7433,0.7324,0.7313,0.7486,0.7447,0.7341,0.7384,0.7266,0.7125,0.7452,0.98,0.0633,0.797982,0.2111,0.4951
54200,0.01476,0.7527,0.7360,0.7524,0.7270,0.7510,0.7416,0.7388,0.7371,0.7193,0.7415,0.7294,0.6666,3.01,0.1093,0.500471,0.2558,0.4938
54400,0.02740,0.7463,0.7549,0.7455,0.7269,0.7383,0.7393,0.7319,0.7464,0.7199,0.7390,0.7234,0.6924,1.74,0.0526,0.669819,0.2064,0.4955
54600,0.04207,0.7512,0.7455,0.7569,0.7500,0.7338,0.7320,0.7346,0.7340,0.7342,0.7223,0.7222,0.6799,3.29,0.0701,0.469028,0.2249,0.4943
54800,0.04305,0.7410,0.7480,0.7406,0.7339,0.7403,0.7394,0.7432,0.7225,0.7274,0.7334,0.7258,0.7568,3.76,0.1096,0.420277,0.2268,0.4929
55000,0.02269,0.7417,0.7361,0.7329,0.7459,0.7535,0.7443,0.7352,0.7326,0.7296,0.7316,0.7409,0.7284,4.31,0.1531,0.370472,0.1626,0.4945
55200,0.03492,0.7497,0.7345,0.7427,0.7462,0.7365,0.7340,0.7453,0.7210,0.7257,0.7234,0.7395,0.6705,1.84,0.0535,0.654406,0.2130,0.4970
55400,0.04719,0.7439,0.7323,0.7575,0.7421,0.7483,0.7507,0.7292,0.7371,0.7370,0.7278,0.7131,0.7212,1.45,0.0907,0.716063,0.1752,0.4926
55600,0.01176,0.7459,0.7447,0.7356,0.7311,0.7497,0.7437,0.7403,0.7430,0.7315,0.7242,0.7247,0.7070,1.86,0.0741,0.650906,0.1271,0.4946
55800,0.01654,0.7444,0.7392,0.7351,0.7270,0.7478,0.7231,0.7407,0.7327,0.7441,0.7368,0.7351,0.7439,2.64,0.0633,0.544896,0.2209,0.4933
56000,0.06618,0.7347,0.7437,0.7297,0.7269,0.7511,0.7291,0.7332,0.7196,0.7214,0.7237,0.7145,0.6786,3.13,0.1351,0.486801,0.1829,0.4946
56200,0.02036,0.7384,0.7322,0.7529,0.7266,0.7523,0.7279,0.7406,0.7195,0.7275,0.7295,0.7191,0.7266,1.73,0.0927,0.670978,0.2091,0.4965
56400,0.03086,0.7584,0.7327,0.7419,0.7500,0.7259,0.7253,0.7238,0.7435,0.7366,0.7262,0.7350,0.7133,2.16,0.0628,0.608445,0.1894,0.4944
56600,0.02188,0.7375,0.7456,0.7556,0.7286,0.7531,0.7328,0.7433,0.7325,0.7416,0.7323,0.7401,0.7384,3.43,0.2048,0.454390,0.1729,0.4934
56800,0.02510,0.7448,0.7400,0.7413,0.7423,0.7301,0.7243,0.7421,0.7235,0.7335,0.7283,0.7184,0.6962,2.62,0.0790,0.547635,0.2105,0.4932
57000,0.05276,0.7385,0.7445,0.7406,0.7516,0.7434,0.7298,0.7441,0.7293,0.7198,0.7321,0.7215,0.7396,2.11,0.0964,0.615748,0.1938,0.4947
57200,0.01351,0.7416,0.7573,0.7556,0.7434,0.7381,0.7398,0.7448,0.7454,0.7334,0.7387,0.7199,0.7249,2.48,0.0927,0.565572,0.2042,0.4947
57400,0.01819,0.7481,0.7506,0.7360,0.7344,0.7265,0.7321,0.7220,0.7340,0.7210,0.7291,0.7349,0.6962,4.05,0.1945,0.393823,0.1462,0.4936
57600,0.00912,0.7363,0.7573,0.7301,0.7513,0.7407,0.7274,0.7288,0.7376,0.7310,0.7279,0.7130,0.7170,2.48,0.0740,0.565102,0.1735,0.4956
57800,0.01663,0.7430,0.7482,0.7513,0.7383,0.7533,0.7354,0.7255,0.7400,0.7251,0.7421,0.7276,0.7011,4.70,0.2250,0.338459,0.2430,0.4954
58000,0.04220,0.7504,0.7573,0.7429,0.7483,0.7465,0.7258,0.7387,0.7406,0.7212,0.7334,0.7313,0.7428,1.63,0.1082,0.687468,0.2699,0.4948
58200,0.02045,0.7484,0.7521,0.7411,0.7528,0.7431,0.7386,0.7311,0.7448,0.7194,0.7403,0.7172,0.6748,3.43,0.1152,0.454091,0.1796,0.4923
58400,0.03015,0.7331,0.7566,0.7369,0.7281,0.7372,0.7386,0.7324,0.7366,0.7295,0.7410,0.7135,0.7454,3.90,0.0733,0.407482,0.2016,0.4958
58600,0.02815,0.7613,0.7491,0.7550,0.7518,0.7427,0.7356,0.7292,0.7367,0.7189,0.7397,0.7401,0.7215,3.51,0.1497,0.445666,0.2328,0.4960
58800,0.02041,0.7359,0.7336,0.7564,0.7530,0.7333,0.7399,0.7220,0.7241,0.7424,0.7210,0.7231,0.7000,3.53,0.1031,0.444009,0.1547,0.4936
59000,0.00528,0.7438,0.7349,0.7401,0.7548,0.7398,0.7502,0.7365,0.7474,0.7447,0.7140,0.7279,0.7419,3.18,0.1152,0.481088,0.2164,0.4962
59200,0.02168,0.7478,0.7426,0.7516,0.7369,0.7409,0.7360,0.7296,0.7405,0.7200,0.7340,0.7232,0.7340,2.12,0.0669,0.613491,0.2169,0.4937
59400,0.02989,0.7323,0.7384,0.7550,0.7550,0.7387,0.7248,0.7381,0.7225,0.7326,0.7157,0.7304,0.7292,3.13,0.1327,0.486820,0.2316,0.4965
59600,0.01579,0.7446,0.7396,0.7461,0.7484,0.7310,0.7268,0.7270,0.7205,0.7274,0.7301,0.7355,0.7230,4.05,0.1873,0.393996,0.1653,0.4952
59800,0.03662,0.7567,0.7315,0.7519,0.7476,0.7268,0.7299,0.7469,0.7183,0.7417,0.7389,0.7275,0.7456,3.62,0.1803,0.434499,0.2178,0.4967
60000,0.01727,0.7327,0.7527,0.7349,0.7437,0.7507,0.7254,0.7393,0.7449,0.7377,0.7149,0.7342,0.6864,4.61,0.1378,0.345772,0.2182,0.4928
60200,0.03961,0.7546,0.7459,0.7449,0.7464,0.7241,0.7508,0.7370,0.7231,0.7282,0.7331,0.7241,0.7353,1.45,0.1167,0.716724,0.2195,0.4930
60400,0.02269,0.7494,0.7325,0.7408,0.7423,0.7288,0.7417,0.7466,0.7342,0.7286,0.7239,0.7370,0.7210,1.24,0.0781,0.750863,0.1781,0.4954
60600,0.03171,0.7502,0.7432,0.7554,0.7314,0.7528,0.7468,0.7398,0.7475,0.7224,0.7415,0.7320,0.7485,1.33,0.0575,0.736101,0.1829,0.4954
60800,0.01212,0.7474,0.7404,0.7387,0.7368,0.7470,0.7320,0.7213,0.7472,0.7456,0.7171,0.7201,0.6998,1.22,0.0750,0.755708,0.2016,0.4960
61000,0.02043,0.7527,0.7488,0.7411,0.7363,0.7331,0.7515,0.7266,0.7428,0.7198,0.7209,0.7292,0.6879,1.03,0.0844,0.788635,0.1877,0.4957
61200,0.04149,0.7570,0.7303,0.7497,0.7314,0.7385,0.7280,0.7323,0.7448,0.7322,0.7345,0.7208,0.7176,1.91,0.0602,0.644464,0.1821,0.4957
61400,0.07014,0.7602,0.7469,0.7493,0.7378,0.7439,0.7409,0.7326,0.7450,0.7364,0.7228,0.7402,0.6777,3.52,0.0962,0.445043,0.1880,0.4965
61600,0.01157,0.7503,0.7300,0.7308,0.7380,0.7509,0.7410,0.7364,0.7426,0.7293,0.7396,0.7333,0.7518,3.34,0.1324,0.463286,0.2094,0.4937
61800,0.01346,0.7324,0.7346,0.7385,0.7385,0.7538,0.7282,0.7252,0.7375,0.7284,0.7208,0.7380,0.7493,2.15,0.1309,0.609721,0.2204,0.4946
62000,0.03113,0.7550,0.7503,0.7389,0.7426,0.7412,0.7278,0.7467,0.7187,0.7278,0.7235,0.7240,0.6707,4.23,0.1557,0.377142,0.1536,0.4944
62200,0.06321,0.7427,0.7420,0.7340,0.7498,0.7357,0.7222,0.7497,0.7476,0.7383,0.7150,0.7219,0.7559,2.64,0.1438,0.544792,0.2316,0.4944
62400,0.03392,0.7371,0.7326,0.7333,0.7355,0.7345,0.7391,0.7438,0.7393,0.7349,0.7302,0.7308,0.7297,3.30,0.1441,0.467388,0.2121,0.4937
62600,0.02472,0.7407,0.7525,0.7382,0.7331,0.7384,0.7482,0.7309,0.7333,0.7280,0.7280,0.7202,0.7586,3.49,0.0983,0.447552,0.2393,0.4937
62800,0.00985,0.7475,0.7480,0.7305,0.7539,0.7259,0.7323,0.7314,0.7211,0.7218,0.7285,0.7209,0.7316,3.29,0.1374,0.468782,0.1888,0.4946
63000,0.00619,0.7610,0.7346,0.7511,0.7391,0.7273,0.7454,0.7234,0.7441,0.7209,0.7245,0.7414,0.7562,2.89,0.1709,0.514575,0.1931,0.4978
63200,0.03746,0.7432,0.7600,0.7395,0.7360,0.7274,0.7360,0.7249,0.7286,0.7444,0.7411,0.7147,0.7130,3.02,0.1244,0.498746,0.2046,0.4936
63400,0.02192,0.7382,0.7346,0.7543,0.7349,0.7321,0.7455,0.7361,0.7309,0.7393,0.7413,0.7187,0.6754,1.43,0.0908,0.719117,0.2286,0.4926
63600,0.01391,0.7555,0.7559,0.7332,0.7334,0.7413,0.7429,0.7398,0.7329,0.7278,0.7419,0.7309,0.7392,4.24,0.1345,0.376909,0.1847,0.4944
63800,0.02963,0.7383,0.7377,0.7490,0.7311,0.7441,0.7319,0.7242,0.7232,0.7400,0.7297,0.7307,0.7370,4.44,0.1099,0.360027,0.2195,0.4951
64000,0.01974,0.7471,0.7357,0.7327,0.7370,0.7261,0.7221,0.7400,0.7195,0.7316,0.7410,0.7257,0.6885,3.50,0.0953,0.447054,0.1824,0.4954
64200,0.04957,0.7482,0.7316,0.7398,0.7507,0.7435,0.7252,0.7420,0.7447,0.7332,0.7205,0.7172,0.6813,3.21,0.1176,0.478007,0.1903,0.4942
64400,0.02705,0.7368,0.7341,0.7388,0.7327,0.7358,0.7510,0.7498,0.7288,0.7187,0.7278,0.7185,0.6969,2.25,0.0991,0.595545,0.1575,0.4937
64600,0.01219,0.7427,0.7339,0.7363,0.7299,0.7493,0.7513,0.7261,0.7409,0.7222,0.7362,0.7349,0.7293,1.44,0.0646,0.717524,0.2180,0.4947
64800,0.01398,0.7420,0.7402,0.7306,0.7263,0.7457,0.7346,0.7359,0.7195,0.7185,0.7228,0.7239,0.6977,1.82,0.0978,0.658207,0.1736,0.4946
65000,0.04214,0.7407,0.7439,0.7413,0.7497,0.7534,0.7473,0.7274,0.7289,0.7324,0.7163,0.7173,0.7574,3.03,0.0857,0.497691,0.2391,0.4941
65200,0.02374,0.7473,0.7526,0.7516,0.7324,0.7253,0.7242,0.7231,0.7322,0.7286,0.7254,0.7416,0.6794,3.86,0.1232,0.411553,0.1875,0.4941
65400,0.00507,0.7529,0.7473,0.7350,0.7474,0.7459,0.7458,0.7221,0.7374,0.7282,0.7427,0.7281,0.7426,3.30,0.1186,0.467292,0.1351,0.4944
65600,0.02791,0.7364,0.7376,0.7318,0.7339,0.7358,0.7229,0.7323,0.7347,0.7446,0.7281,0.7155,0.7595,4.35,0.1514,0.367466,0.2016,0.4947
65800,0.02326,0.7577,0.7506,0.7480,0.7516,0.7530,0.7222,0.7291,0.7254,0.7337,0.7361,0.7245,0.7183,4.22,0.1505,0.378163,0.1699,0.4929
66000,0.02787,0.7416,0.7600,0.7506,0.7546,0.7488,0.7272,0.7418,0.7436,0.7194,0.7268,0.7264,0.6856,3.56,0.1316,0.440507,0.1813,0.4949
66200,0.01326,0.7592,0.7363,0.7405,0.7295,0.7487,0.7307,0.7384,0.7470,0.7198,0.7279,0.7187,0.6976,2.08,0.1053,0.619832,0.2699,0.4933
66400,0.05250,0.7569,0.7461,0.7472,0.7304,0.7398,0.7292,0.7301,0.7190,0.7167,0.7283,0.7207,0.7476,2.43,0.1566,0.570946,0.1724,0.4945
66600,0.01371,0.7428,0.7386,0.7563,0.7371,0.7530,0.7230,0.7257,0.7323,0.7321,0.7342,0.7257,0.7562,1.89,0.0955,0.647159,0.1668,0.4915
66800,0.02333,0.7492,0.7429,0.7405,0.7408,0.7379,0.7226,0.7272,0.7358,0.7269,0.7322,0.7309,0.6928,3.24,0.1466,0.473784,0.1702,0.4948
67000,0.04702,0.7501,0.7484,0.7452,0.7473,0.7284,0.7425,0.7308,0.7273,0.7349,0.7232,0.7139,0.6998,3.96,0.1145,0.402099,0.1902,0.4955
67200,0.03809,0.7335,0.7396,0.7575,0.7299,0.7452,0.7301,0.7231,0.7361,0.7403,0.7236,0.7145,0.7023,3.69,0.1338,0.427499,0.1711,0.4927
67400,0.01605,0.7579,0.7493,0.7380,0.7427,0.7289,0.7473,0.7227,0.7471,0.7221,0.7387,0.7357,0.6739,3.79,0.1077,0.417490,0.2146,0.4936
67600,0.03361,0.7553,0.7312,0.7292,0.7516,0.7365,0.7494,0.7473,0.7384,0.7175,0.7408,0.7128,0.6822,3.68,0.1890,0.428076,0.1752,0.4958
67800,0.01787,0.7497,0.7492,0.7296,0.7388,0.7315,0.7323,0.7452,0.7324,0.7250,0.7208,0.7387,0.7509,1.91,0.0733,0.644124,0.2246,0.4954
68000,0.02255,0.7495,0.7358,0.7544,0.7465,0.7250,0.7257,0.7442,0.7350,0.7319,0.7241,0.7356,0.7491,2.26,0.1110,0.593657,0.1878,0.4940
68200,0.03041,0.7372,0.7553,0.7425,0.7277,0.7266,0.7330,0.7257,0.7213,0.7253,0.7291,0.7256,0.7389,2.78,0.0947,0.527783,0.2233,0.4940
68400,0.01228,0.7574,0.7394,0.7409,0.7295,0.7247,0.7457,0.7248,0.7457,0.7256,0.7197,0.7292,0.7584,3.38,0.1344,0.459577,0.2590,0.4947
68600,0.02879,0.7366,0.7470,0.7425,0.7455,0.7352,0.7509,0.7268,0.7455,0.7164,0.7378,0.7163,0.7450,4.82,0.1372,0.329696,0.1991,0.4951
68800,0.04187,0.7337,0.7591,0.7498,0.7506,0.7322,0.7424,0.7462,0.7191,0.7265,0.7175,0.7329,0.7103,3.49,0.0986,0.447205,0.1671,0.4949
69000,0.01717,0.7450,0.7388,0.7467,0.7401,0.7289,0.7487,0.7251,0.7256,0.7420,0.7263,0.7297,0.7015,3.23,0.1810,0.475854,0.2211,0.4942
69200,0.01773,0.7542,0.7411,0.7306,0.7393,0.7427,0.7238,0.7260,0.7350,0.7393,0.7377,0.7420,0.6723,1.88,0.1657,0.648644,0.1865,0.4946
69400,0.01418,0.7555,0.7351,0.7487,0.7370,0.7298,0.7454,0.7401,0.7411,0.7300,0.7410,0.7271,0.7028,2.01,0.1180,0.629611,0.1891,0.4926
69600,0.04864,0.7445,0.7313,0.7419,0.7392,0.7506,0.7295,0.7386,0.7411,0.7407,0.7434,0.7284,0.7277,0.13,0.1003,0.969697,0.2279,0.4953
69800,0.01119,0.7376,0.7576,0.7423,0.7264,0.7367,0.7302,0.7308,0.7460,0.7446,0.7177,0.7286,0.7428,3.03,0.0903,0.497954,0.2075,0.4960
70000,0.06297,0.7343,0.7427,0.7451,0.7403,0.7419,0.7402,0.7458,0.7376,0.7268,0.7150,0.7244,0.6913,3.97,0.1063,0.400765,0.2147,0.4951
70200,0.00760,0.7425,0.7331,0.7474,0.7330,0.7527,0.7344,0.7252,0.7278,0.7209,0.7155,0.7278,0.6896,2.50,0.1462,0.561710,0.1844,0.4932
70400,0.04533,0.7620,0.7440,0.7356,0.7386,0.7357,0.7270,0.7318,0.7191,0.7182,0.7280,0.7277,0.6731,2.98,0.1023,0.503860,0.1828,0.4948
70600,0.03617,0.7453,0.7432,0.7429,0.7308,0.7360,0.7337,0.7339,0.7470,0.7339,0.7318,0.7169,0.7428,2.12,0.0812,0.614385,0.1622,0.4964
70800,0.01741,0.7449,0.7585,0.7565,0.7523,0.7434,0.7467,0.7479,0.7298,0.7370,0.7293,0.7157,0.6763,3.32,0.0919,0.465830,0.1965,0.4938
71000,0.03633,0.7336,0.7460,0.7478,0.7368,0.7270,0.7488,0.7241,0.7285,0.7445,0.7299,0.7180,0.7149,4.95,0.1553,0.320237,0.1270,0.4957
71200,0.05104,0.7451,0.7468,0.7281,0.7427,0.7343,0.7341,0.7392,0.7219,0.7355,0.7423,0.7148,0.7195,3.75,0.1258,0.421754,0.1806,0.4944
71400,0.03412,0.7344,0.7305,0.7292,0.7546,0.7504,0.7479,0.7296,0.7228,0.7397,0.7295,0.7313,0.6612,2.70,0.1175,0.537186,0.2147,0.4942
71600,0.02244,0.7368,0.7587,0.7501,0.7296,0.7388,0.7441,0.7359,0.7246,0.7432,0.7287,0.7234,0.7288,3.08,0.1051,0.492326,0.2222,0.4948
71800,0.04196,0.7403,0.7587,0.7502,0.7285,0.7260,0.7271,0.7206,0.7256,0.7310,0.7239,0.7238,0.7144,2.80,0.0790,0.524844,0.2225,0.4924
72000,0.04199,0.7327,0.7323,0.7568,0.7365,0.7382,0.7263,0.7454,0.7342,0.7382,0.7431,0.7265,0.6982,3.40,0.1084,0.457425,0.1930,0.4928
72200,0.02091,0.7320,0.7379,0.7483,0.7508,0.7445,0.7454,0.7275,0.7273,0.7322,0.7148,0.7246,0.6680,1.39,0.1067,0.725529,0.2315,0.4957
72400,0.03202,0.7606,0.7545,0.7465,0.7275,0.7307,0.7336,0.7272,0.7451,0.7247,0.7327,0.7345,0.7570,0.70,0.1582,0.850840,0.2404,0.4944
72600,0.00920,0.7447,0.7421,0.7291,0.7298,0.7456,0.7519,0.7233,0.7200,0.7275,0.7304,0.7282,0.7149,2.55,0.1471,0.555962,0.1970,0.4961
72800,0.02048,0.7348,0.7490,0.7287,0.7340,0.7243,0.7277,0.7223,0.7318,0.7270,0.7225,0.7131,0.6791,3.47,0.1403,0.449668,0.2500,0.4935
73000,0.01780,0.7378,0.7529,0.7460,0.7505,0.7477,0.7346,0.7251,0.7479,0.7239,0.7364,0.7198,0.7462,2.33,0.1282,0.585461,0.1973,0.4930
73200,0.04019,0.7611,0.7409,0.7400,0.7523,0.7393,0.7289,0.7210,0.7369,0.7312,0.7200,0.7313,0.7456,2.83,0.0923,0.521695,0.1676,0.4941
73400,0.04753,0.7449,0.7518,0.7481,0.7386,0.7537,0.7252,0.7258,0.7249,0.7331,0.7307,0.7225,0.6634,2.31,0.0969,0.587379,0.2170,0.4941
73600,0.00962,0.7459,0.7524,0.7447,0.7408,0.7498,0.7498,0.7206,0.7416,0.7427,0.7282,0.7210,0.7325,2.42,0.1081,0.573382,0.2131,0.4948
73800,0.01072,0.7412,0.7569,0.7515,0.7362,0.7381,0.7366,0.7372,0.7338,0.7291,0.7304,0.7392,0.6952,2.38,0.1670,0.577897,0.1911,0.4943
74000,0.02142,0.7553,0.7381,0.7487,0.7540,0.7350,0.7436,0.7205,0.7230,0.7407,0.7237,0.7261,0.7183,1.99,0.0925,0.631955,0.2180,0.4942
74200,0.00833,0.7356,0.7398,0.7567,0.7376,0.7489,0.7221,0.7227,0.7426,0.7356,0.7192,0.7306,0.6997,-0.37,0.1182,1.088219,0.2916,0.4960
74400,0.02501,0.7585,0.7349,0.7465,0.7497,0.7304,0.7361,0.7485,0.7299,0.7307,0.7278,0.7372,0.7577,1.33,0.1035,0.736189,0.2059,0.4962
74600,0.03104,0.7475,0.7461,0.7498,0.7348,0.7407,0.7296,0.7270,0.7437,0.7172,0.7343,0.7130,0.7227,2.27,0.1334,0.592927,0.1720,0.4938
74800,0.01674,0.7352,0.7323,0.7336,0.7531,0.7433,0.7251,0.7349,0.7285,0.7357,0.7388,0.7289,0.7332,2.97,0.1766,0.504310,0.2035,0.4947
75000,0.02730,0.7422,0.7555,0.7483,0.7297,0.7503,0.7501,0.7278,0.7334,0.7301,0.7387,0.7404,0.6936,2.04,0.1237,0.624896,0.2758,0.4948
75200,0.02577,0.7342,0.7486,0.7562,0.7337,0.7401,0.7267,0.7496,0.7406,0.7340,0.7266,0.7245,0.7471,3.13,0.0883,0.486508,0.1655,0.4928
75400,0.00644,0.7473,0.7391,0.7500,0.7420,0.7376,0.7495,0.7242,0.7254,0.7257,0.7431,0.7294,0.7092,3.69,0.1209,0.427252,0.2500,0.4935
75600,0.02094,0.7530,0.7474,0.7355,0.7275,0.7494,0.7272,0.7327,0.7216,0.7281,0.7220,0.7259,0.7073,2.57,0.1166,0.553034,0.1986,0.4936
75800,0.02080,0.7564,0.7365,0.7400,0.7311,0.7340,0.7246,0.7394,0.7390,0.7223,0.7358,0.7185,0.7472,4.02,0.1265,0.396377,0.1460,0.4941
76000,0.02799,0.7578,0.7546,0.7334,0.7431,0.7521,0.7322,0.7375,0.7219,0.7329,0.7288,0.7307,0.6877,3.05,0.1847,0.495500,0.2352,0.4946
76200,0.03709,0.7554,0.7311,0.7415,0.7287,0.7467,0.7455,0.7280,0.7219,0.7210,0.7173,0.7346,0.6998,2.22,0.1247,0.600097,0.1777,0.4955
76400,0.02096,0.7512,0.7377,0.7492,0.7523,0.7307,0.7316,0.7462,0.7334,0.7197,0.7380,0.7365,0.7228,3.76,0.1266,0.420958,0.1988,0.4928
76600,0.05065,0.7510,0.7422,0.7411,0.7395,0.7421,0.7444,0.7322,0.7382,0.7302,0.7198,0.7388,0.7166,3.33,0.0729,0.464501,0.2002,0.4949
76800,0.02186,0.7330,0.7354,0.7337,0.7354,0.7292,0.7432,0.7425,0.7334,0.7305,0.7209,0.7303,0.6806,3.73,0.1532,0.423646,0.1625,0.4919
77000,0.01566,0.7351,0.7381,0.7342,0.7538,0.7283,0.7464,0.7492,0.7294,0.7395,0.7344,0.7325,0.7161,3.46,0.0983,0.451202,0.1974,0.4945
77200,0.01626,0.7545,0.7445,0.7351,0.7437,0.7525,0.7323,0.7429,0.7269,0.7334,0.7182,0.7319,0.6781,3.96,0.1735,0.401909,0.1898,0.4948
77400,0.00917,0.7546,0.7568,0.7515,0.7453,0.7319,0.7454,0.7223,0.7229,0.7327,0.7217,0.7359,0.7357,1.83,0.0847,0.656733,0.2167,0.4944
77600,0.06743,0.7544,0.7394,0.7402,0.7516,0.7245,0.7379,0.7231,0.7409,0.7346,0.7306,0.7382,0.6699,4.99,0.1609,0.316623,0.1819,0.4952
77800,0.02707,0.7503,0.7550,0.7426,0.7517,0.7281,0.7441,0.7389,0.7296,0.7407,0.7439,0.7194,0.6865,2.86,0.1179,0.517599,0.2110,0.4942
78000,0.01785,0.7414,0.7473,0.7550,0.7431,0.7510,0.7296,0.7287,0.7318,0.7334,0.7158,0.7156,0.6867,2.43,0.1359,0.572010,0.1924,0.4913
78200,0.02802,0.7348,0.7577,0.7403,0.7520,0.7262,0.7297,0.7279,0.7341,0.7277,0.7214,0.7158,0.7276,2.92,0.1261,0.510170,0.1376,0.4939
78400,0.01922,0.7521,0.7375,0.7511,0.7483,0.7257,0.7471,0.7378,0.7224,0.7431,0.7424,0.7389,0.7310,0.98,0.0728,0.797829,0.2012,0.4948
78600,0.02914,0.7532,0.7313,0.7282,0.7526,0.7314,0.7243,0.7447,0.7342,0.7408,0.7241,0.7357,0.7278,4.67,0.1755,0.341490,0.1610,0.4941
78800,0.01764,0.7335,0.7302,0.7470,0.7445,0.7532,0.7396,0.7440,0.7413,0.7389,0.7229,0.7139,0.6694,2.72,0.1284,0.534858,0.1810,0.4939
79000,0.01846,0.7324,0.7571,0.7552,0.7557,0.7352,0.7466,0.7272,0.7474,0.7326,0.7261,0.7136,0.6755,2.49,0.0916,0.564078,0.2245,0.4943
79200,0.01952,0.7446,0.7372,0.7429,0.7468,0.7510,0.7343,0.7258,0.7372,0.7181,0.7289,0.7158,0.7308,2.60,0.0773,0.549387,0.2252,0.4961
79400,0.02514,0.7533,0.7313,0.7450,0.7415,0.7411,0.7352,0.7434,0.7373,0.7251,0.7403,0.7324,0.6728,1.00,0.0580,0.793835,0.2012,0.4935
79600,0.04070,0.7400,0.7573,0.7499,0.7318,0.7410,0.7451,0.7331,0.7220,0.7339,0.7244,0.7309,0.6720,3.58,0.1136,0.438642,0.1777,0.4961
79800,0.00845,0.7612,0.7555,0.7569,0.7400,0.7502,0.7464,0.7493,0.7438,0.7287,0.7236,0.7253,0.7161,3.15,0.1808,0.484494,0.2185,0.4942
80000,0.01732,0.7358,0.7385,0.7499,0.7317,0.7278,0.7302,0.7402,0.7242,0.7352,0.7239,0.7124,0.7073,2.14,0.1410,0.610969,0.1453,0.4933
80200,0.03420,0.7444,0.7484,0.7429,0.7283,0.7380,0.7413,0.7228,0.7406,0.7325,0.7185,0.7358,0.6651,4.19,0.1294,0.380894,0.1502,0.4946
80400,0.02272,0.7526,0.7454,0.7392,0.7426,0.7252,0.7490,0.7236,0.7367,0.7376,0.7287,0.7376,0.7197,3.08,0.1365,0.491770,0.1905,0.4951
80600,0.02709,0.7473,0.7519,0.7416,0.7323,0.7407,0.7268,0.7373,0.7394,0.7414,0.7160,0.7221,0.7018,3.85,0.1442,0.412331,0.1642,0.4951
80800,0.04423,0.7545,0.7302,0.7428,0.7363,0.7438,0.7259,0.7303,0.7418,0.7398,0.7267,0.7400,0.7012,3.27,0.0985,0.470584,0.1693,0.4966
81000,0.01427,0.7457,0.7349,0.7483,0.7505,0.7358,0.7301,0.7329,0.7463,0.7375,0.7284,0.7402,0.7378,3.27,0.1380,0.470509,0.2154,0.4944
81200,0.04614,0.7596,0.7392,0.7487,0.7371,0.7378,0.7259,0.7208,0.7297,0.7269,0.7439,0.7345,0.7594,5.64,0.1482,0.273175,0.1609,0.4943
81400,0.01241,0.7504,0.7313,0.7456,0.7463,0.7364,0.7305,0.7336,0.7307,0.7401,0.7147,0.7295,0.6667,0.93,0.1506,0.806908,0.2548,0.4937
81600,0.03144,0.7368,0.7409,0.7502,0.7416,0.7513,0.7343,0.7401,0.7191,0.7288,0.7327,0.7266,0.6919,2.86,0.0800,0.517844,0.1998,0.4970
81800,0.04260,0.7489,0.7479,0.7309,0.7547,0.7253,0.7444,0.7303,0.7226,0.7160,0.7228,0.7253,0.6634,1.36,0.0918,0.730890,0.1988,0.4937
82000,0.02461,0.7609,0.7460,0.7516,0.7469,0.7429,0.7488,0.7400,0.7226,0.7265,0.7380,0.7221,0.7369,2.12,0.0996,0.613769,0.2278,0.4944
82200,0.03529,0.7382,0.7330,0.7389,0.7391,0.7384,0.7233,0.7219,0.7286,0.7341,0.7303,0.7292,0.7196,0.97,0.1099,0.799430,0.1804,0.4943
82400,0.04125,0.7476,0.7432,0.7530,0.7494,0.7309,0.7476,0.7317,0.7283,0.7231,0.7395,0.7201,0.6978,3.35,0.0710,0.462370,0.1742,0.4928
82600,0.04440,0.7437,0.7452,0.7293,0.7428,0.7330,0.7462,0.7284,0.7201,0.7167,0.7371,0.7216,0.7391,2.98,0.1140,0.504030,0.1945,0.4936
82800,0.02381,0.7567,0.7405,0.7287,0.7529,0.7437,0.7416,0.7269,0.7292,0.7193,0.7436,0.7251,0.7536,2.95,0.1452,0.506937,0.2347,0.4965
83000,0.03066,0.7403,0.7382,0.7388,0.7291,0.7464,0.7383,0.7459,0.7270,0.7441,0.7140,0.7190,0.7125,3.06,0.1472,0.494321,0.2091,0.4938
83200,0.03945,0.7431,0.7581,0.7460,0.7468,0.7488,0.7272,0.7318,0.7448,0.7380,0.7221,0.7406,0.6752,3.10,0.1233,0.490337,0.1915,0.4932
83400,0.03298,0.7416,0.7551,0.7364,0.7408,0.7405,0.7236,0.7252,0.7426,0.7413,0.7281,0.7242,0.7402,2.77,0.0673,0.528189,0.2090,0.4937
83600,0.01114,0.7415,0.7579,0.7361,0.7320,0.7336,0.7370,0.7214,0.7377,0.7407,0.7262,0.7125,0.6965,2.36,0.0988,0.581126,0.1584,0.4946
83800,0.01952,0.7511,0.7512,0.7298,0.7376,0.7290,0.7390,0.7341,0.7310,0.7224,0.7169,0.7299,0.7507,3.76,0.1097,0.421110,0.1948,0.4942
84000,0.02136,0.7571,0.7507,0.7478,0.7377,0.7266,0.7239,0.7313,0.7274,0.7397,0.7226,0.7294,0.7211,1.99,0.1041,0.632146,0.1753,0.4965
84200,0.02616,0.7468,0.7487,0.7552,0.7462,0.7276,0.7485,0.7353,0.7373,0.7284,0.7391,0.7135,0.6674,3.55,0.1202,0.441519,0.2057,0.4945
84400,0.04735,0.7486,0.7443,0.7500,0.7459,0.7348,0.7432,0.7425,0.7299,0.7317,0.7323,0.7192,0.6969,1.60,0.1091,0.691636,0.2184,0.4917
84600,0.03921,0.7330,0.7315,0.7325,0.7310,0.7246,0.7344,0.7385,0.7204,0.7177,0.7312,0.7178,0.6682,3.09,0.0878,0.491312,0.2457,0.4943
84800,0.01838,0.7425,0.7341,0.7455,0.7349,0.7539,0.7396,0.7432,0.7361,0.7161,0.7429,0.7382,0.6785,3.33,0.1193,0.464530,0.1989,0.4924
85000,0.02458,0.7347,0.7409,0.7321,0.7477,0.7277,0.7381,0.7414,0.7314,0.7395,0.7154,0.7126,0.6957,4.76,0.1508,0.334366,0.1846,0.4954
85200,0.00685,0.7456,0.7569,0.7402,0.7446,0.7489,0.7289,0.7483,0.7188,0.7459,0.7175,0.7286,0.7420,2.30,0.1151,0.588655,0.1943,0.4945
85400,0.02553,0.7384,0.7326,0.7475,0.7437,0.7406,0.7277,0.7466,0.7211,0.7225,0.7239,0.7138,0.6661,2.58,0.1240,0.552266,0.1835,0.4947
85600,0.00949,0.7512,0.7579,0.7315,0.7355,0.7387,0.7295,0.7309,0.7402,0.7198,0.7191,0.7163,0.7401,3.02,0.1456,0.498708,0.2084,0.4933
85800,0.01522,0.7536,0.7528,0.7361,0.7346,0.7442,0.7463,0.7405,0.7334,0.7215,0.7314,0.7155,0.7170,3.07,0.1111,0.493700,0.2189,0.4966
86000,0.08087,0.7359,0.7463,0.7283,0.7267,0.7496,0.7400,0.7486,0.7422,0.7218,0.7224,0.7334,0.6625,5.00,0.1217,0.315984,0.2098,0.4924
86200,0.05918,0.7455,0.7392,0.7383,0.7491,0.7342,0.7345,0.7236,0.7184,0.7293,0.7245,0.7311,0.6745,3.65,0.1013,0.431277,0.1724,0.4948
86400,0.00686,0.7391,0.7319,0.7344,0.7440,0.7419,0.7441,0.7282,0.7218,0.7351,0.7424,0.7164,0.7443,3.69,0.1068,0.427248,0.1790,0.4959
86600,0.03974,0.7461,0.7471,0.7503,0.7428,0.7331,0.7458,0.7441,0.7437,0.7404,0.7355,0.7189,0.7137,2.66,0.1048,0.542117,0.2246,0.4946
86800,0.02327,0.7485,0.7596,0.7285,0.7472,0.7358,0.7285,0.7457,0.7357,0.7357,0.7416,0.7149,0.6960,1.77,0.0521,0.665123,0.1781,0.4955
87000,0.02903,0.7330,0.7315,0.7477,0.7534,0.7510,0.7476,0.7220,0.7473,0.7439,0.7225,0.7316,0.7090,2.98,0.1522,0.503015,0.2124,0.4952
87200,0.03165,0.7605,0.7549,0.7534,0.7432,0.7373,0.7287,0.7330,0.7193,0.7240,0.7238,0.7251,0.7421,0.31,0.1019,0.932092,0.2693,0.4935
87400,0.03119,0.7482,0.7311,0.7394,0.7515,0.7446,0.7240,0.7293,0.7212,0.7458,0.7288,0.7188,0.6963,3.05,0.1030,0.495940,0.2377,0.4943
87600,0.01626,0.7507,0.7315,0.7381,0.7306,0.7523,0.7411,0.7228,0.7221,0.7253,0.7436,0.7390,0.7162,1.72,0.0668,0.673165,0.2323,0.4956
87800,0.02174,0.7474,0.7335,0.7406,0.7282,0.7335,0.7471,0.7378,0.7216,0.7277,0.7306,0.7122,0.6799,2.03,0.1121,0.626025,0.2306,0.4957
88000,0.02757,0.7619,0.7481,0.7550,0.7318,0.7407,0.7406,0.7487,0.7444,0.7395,0.7408,0.7236,0.7439,2.10,0.1242,0.616809,0.2213,0.4958
88200,0.03938,0.7352,0.7489,0.7333,0.7330,0.7375,0.7398,0.7228,0.7433,0.7400,0.7191,0.7244,0.6623,2.00,0.0681,0.631314,0.2361,0.4953
88400,0.02051,0.7355,0.7547,0.7428,0.7501,0.7318,0.7233,0.7476,0.7248,0.7343,0.7332,0.7261,0.7404,4.46,0.1823,0.358146,0.1711,0.4937
88600,0.03272,0.7608,0.7538,0.7410,0.7352,0.7397,0.7331,0.7461,0.7476,0.7431,0.7252,0.7196,0.7466,2.80,0.0656,0.524301,0.2113,0.4915
88800,0.01525,0.7372,0.7449,0.7421,0.7395,0.7312,0.7361,0.7221,0.7479,0.7343,0.7288,0.7284,0.7595,2.12,0.0776,0.614197,0.1967,0.4967
89000,0.01182,0.7476,0.7565,0.7354,0.7261,0.7388,0.7478,0.7387,0.7235,0.7412,0.7419,0.7194,0.7003,2.22,0.1107,0.600363,0.1952,0.4957
89200,0.01723,0.7483,0.7384,0.7356,0.7408,0.7480,0.7452,0.7381,0.7424,0.7176,0.7206,0.7163,0.7520,1.29,0.0704,0.742980,0.2860,0.4941
89400,0.02618,0.7491,0.7409,0.7471,0.7505,0.7381,0.7306,0.7247,0.7468,0.7427,0.7305,0.7321,0.6771,4.67,0.1531,0.340947,0.1493,0.4946
89600,0.00727,0.7517,0.7469,0.7537,0.7425,0.7424,0.7498,0.7359,0.7337,0.7310,0.7324,0.7351,0.7061,5.16,0.1667,0.305056,0.2078,0.4931
89800,0.03249,0.7430,0.7341,0.7404,0.7541,0.7521,0.7373,0.7426,0.7185,0.7188,0.7175,0.7121,0.7551,4.86,0.1678,0.326439,0.2666,0.4930
90000,0.02694,0.7327,0.7535,0.7455,0.7478,0.7316,0.7372,0.7473,0.7426,0.7237,0.7208,0.7340,0.7572,2.07,0.1236,0.620913,0.2300,0.4940
90200,0.03973,0.7426,0.7423,0.7363,0.7460,0.7506,0.7459,0.7229,0.7390,0.7364,0.7319,0.7155,0.7171,1.02,0.1003,0.790804,0.1585,0.4937
90400,0.01263,0.7393,0.7404,0.7400,0.7365,0.7391,0.7244,0.7496,0.7419,0.7248,0.7271,0.7284,0.6657,2.76,0.1601,0.529671,0.1625,0.4953
90600,0.02622,0.7608,0.7580,0.7332,0.7300,0.7501,0.7456,0.7367,0.7339,0.7195,0.7326,0.7197,0.7191,3.46,0.1210,0.450744,0.1935,0.4922
90800,0.02987,0.7364,0.7567,0.7301,0.7494,0.7487,0.7232,0.7302,0.7364,0.7432,0.7345,0.7392,0.6919,2.88,0.1562,0.515511,0.2319,0.4946
91000,0.04430,0.7482,0.7402,0.7397,0.7557,0.7314,0.7230,0.7268,0.7396,0.7341,0.7197,0.7361,0.7333,2.56,0.1070,0.554978,0.2161,0.4936
91200,0.01611,0.7562,0.7590,0.7452,0.7457,0.7470,0.7268,0.7440,0.7441,0.7380,0.7371,0.7390,0.6671,3.85,0.1027,0.412194,0.1894,0.4933
91400,0.02826,0.7601,0.7594,0.7499,0.7461,0.7404,0.7350,0.7431,0.7363,0.7430,0.7317,0.7250,0.7598,0.83,0.0862,0.826499,0.1846,0.4964
91600,0.03995,0.7476,0.7338,0.7461,0.7541,0.7338,0.7241,0.7277,0.7412,0.7187,0.7372,0.7356,0.6925,2.36,0.1157,0.581055,0.2461,0.4940
91800,0.01032,0.7342,0.7356,0.7540,0.7465,0.7510,0.7222,0.7258,0.7362,0.7450,0.7380,0.7206,0.7196,2.25,0.1147,0.596130,0.2726,0.4948
92000,0.00911,0.7553,0.7556,0.7428,0.7328,0.7447,0.7426,0.7386,0.7261,0.7450,0.7402,0.7344,0.6730,3.63,0.0959,0.433757,0.1694,0.4943
92200,0.02361,0.7576,0.7338,0.7563,0.7446,0.7263,0.7253,0.7408,0.7283,0.7345,0.7168,0.7222,0.7251,3.82,0.1123,0.414546,0.1925,0.4949
92400,0.01588,0.7484,0.7563,0.7335,0.7507,0.7534,0.7430,0.7295,0.7370,0.7407,0.7283,0.7300,0.7395,2.96,0.0562,0.505637,0.2001,0.4955
92600,0.03740,0.7364,0.7427,0.7479,0.7349,0.7421,0.7254,0.7260,0.7258,0.7270,0.7331,0.7303,0.6870,2.27,0.0795,0.592919,0.2179,0.4938
92800,0.03277,0.7471,0.7458,0.7573,0.7304,0.7374,0.7351,0.7398,0.7479,0.7206,0.7189,0.7414,0.7544,3.10,0.1063,0.489699,0.1826,0.4955
93000,0.05016,0.7584,0.7599,0.7505,0.7407,0.7447,0.7276,0.7339,0.7353,0.7343,0.7363,0.7237,0.7119,1.58,0.1188,0.694749,0.2314,0.4935
93200,0.02350,0.7358,0.7547,0.7327,0.7262,0.7469,0.7361,0.7362,0.7385,0.7219,0.7270,0.7255,0.6930,4.33,0.1059,0.368689,0.1771,0.4936
93400,0.02858,0.7334,0.7433,0.7508,0.7277,0.7483,0.7395,0.7416,0.7206,0.7182,0.7371,0.7179,0.6805,3.10,0.1916,0.490026,0.1819,0.4938
93600,0.03390,0.7433,0.7389,0.7300,0.7401,0.7251,0.7425,0.7346,0.7247,0.7200,0.7152,0.7244,0.7341,2.95,0.0319,0.506821,0.1991,0.4926
93800,0.02289,0.7498,0.7461,0.7390,0.7523,0.7356,0.7305,0.7209,0.7295,0.7357,0.7415,0.7243,0.6882,1.03,0.1178,0.788524,0.2058,0.4968
94000,0.01834,0.7594,0.7466,0.7513,0.7551,0.7487,0.7385,0.7361,0.7414,0.7172,0.7384,0.7411,0.7474,4.33,0.1358,0.369397,0.2080,0.4932
94200,0.02606,0.7517,0.7462,0.7363,0.7268,0.7382,0.7317,0.7445,0.7347,0.7394,0.7170,0.7355,0.6731,1.44,0.1204,0.717743,0.2310,0.4924
94400,0.01112,0.7416,0.7397,0.7579,0.7511,0.7381,0.7468,0.7332,0.7279,0.7381,0.7181,0.7238,0.7414,1.83,0.0864,0.656497,0.1940,0.4952
94600,0.01089,0.7486,0.7344,0.7336,0.7285,0.7481,0.7280,0.7366,0.7255,0.7361,0.7296,0.7139,0.6682,1.30,0.0872,0.741062,0.2740,0.4942
94800,0.01386,0.7395,0.7481,0.7579,0.7504,0.7439,0.7511,0.7363,0.7225,0.7451,0.7288,0.7263,0.7462,3.61,0.1721,0.435850,0.2046,0.4960
95000,0.03811,0.7523,0.7487,0.7571,0.7542,0.7378,0.7350,0.7336,0.7386,0.7218,0.7348,0.7302,0.6751,2.81,0.1347,0.523475,0.2920,0.4949
95200,0.02581,0.7524,0.7587,0.7460,0.7377,0.7301,0.7433,0.7325,0.7418,0.7168,0.7366,0.7395,0.6819,2.13,0.0624,0.611898,0.1865,0.4950
95400,0.02367,0.7511,0.7313,0.7394,0.7273,0.7523,0.7516,0.7294,0.7273,0.7431,0.7370,0.7351,0.6603,2.37,0.0931,0.579369,0.1960,0.4951
95600,0.02891,0.7418,0.7442,0.7334,0.7382,0.7354,0.7370,0.7388,0.7333,0.7425,0.7349,0.7196,0.7113,2.31,0.1222,0.587430,0.2171,0.4937
95800,0.01266,0.7472,0.7589,0.7308,0.7287,0.7494,0.7377,0.7409,0.7361,0.7404,0.7192,0.7263,0.7016,2.04,0.1353,0.624907,0.2047,0.4951
96000,0.01170,0.7409,0.7545,0.7519,0.7539,0.7476,0.7270,0.7498,0.7336,0.7292,0.7362,0.7410,0.6987,2.48,0.1280,0.565528,0.1717,0.4962
96200,0.02835,0.7372,0.7389,0.7433,0.7281,0.7436,0.7454,0.7348,0.7445,0.7289,0.7250,0.7145,0.6837,1.77,0.1001,0.665604,0.1927,0.4952
96400,0.03015,0.7344,0.7565,0.7496,0.7305,0.7448,0.7424,0.7443,0.7199,0.7269,0.7428,0.7175,0.7518,2.15,0.0824,0.609726,0.1846,0.4959
96600,0.01277,0.7440,0.7394,0.7485,0.7339,0.7535,0.7378,0.7213,0.7306,0.7449,0.7287,0.7381,0.6900,1.77,0.1014,0.665624,0.2342,0.4924
96800,0.00744,0.7618,0.7418,0.7307,0.7491,0.7418,0.7270,0.7259,0.7349,0.7406,0.7391,0.7192,0.7316,2.21,0.0898,0.600897,0.1740,0.4954
97000,0.01977,0.7401,0.7560,0.7563,0.7485,0.7440,0.7340,0.7408,0.7200,0.7410,0.7414,0.7184,0.6976,2.83,0.1138,0.521551,0.1474,0.4971
97200,0.01336,0.7492,0.7528,0.7389,0.7289,0.7251,0.7383,0.7201,0.7373,0.7343,0.7145,0.7397,0.6980,3.31,0.0931,0.467161,0.1372,0.4930
97400,0.01858,0.7611,0.7524,0.7288,0.7474,0.7272,0.7509,0.7474,0.7250,0.7390,0.7193,0.7406,0.6816,1.55,0.1302,0.700276,0.2166,0.4915
97600,0.01996,0.7453,0.7474,0.7315,0.7313,0.7293,0.7406,0.7276,0.7389,0.7310,0.7383,0.7122,0.7005,3.67,0.1625,0.429452,0.2517,0.4942
97800,0.02240,0.7329,0.7439,0.7407,0.7525,0.7321,0.7303,0.7433,0.7304,0.7391,0.7303,0.7297,0.7212,3.37,0.1435,0.460297,0.2146,0.4947
98000,0.01641,0.7326,0.7416,0.7469,0.7311,0.7340,0.7272,0.7424,0.7369,0.7169,0.7309,0.7232,0.6667,3.35,0.1216,0.462317,0.1390,0.4958
98200,0.02673,0.7581,0.7414,0.7501,0.7464,0.7426,0.7312,0.7256,0.7466,0.7418,0.7172,0.7388,0.7594,3.91,0.1804,0.406618,0.1943,0.4951
98400,0.02223,0.7420,0.7590,0.7544,0.7270,0.7422,0.7466,0.7434,0.7463,0.7442,0.7161,0.7248,0.6617,2.93,0.0867,0.509040,0.2365,0.4929
98600,0.02800,0.7612,0.7387,0.7390,0.7316,0.7326,0.7452,0.7427,0.7478,0.7433,0.7359,0.7383,0.6660,1.95,0.0944,0.638643,0.1883,0.4935
98800,0.02879,0.7377,0.7554,0.7349,0.7539,0.7418,0.7336,0.7342,0.7385,0.7169,0.7149,0.7269,0.6997,1.77,0.0553,0.665682,0.2269,0.4952
99000,0.03414,0.7553,0.7366,0.7543,0.7443,0.7384,0.7505,0.7367,0.7405,0.7198,0.7148,0.7124,0.6884,2.40,0.1333,0.574973,0.1961,0.4940
99200,0.04601,0.7482,0.7542,0.7285,0.7455,0.7411,0.7514,0.7274,0.7188,0.7457,0.7310,0.7325,0.6888,2.46,0.1670,0.567919,0.2470,0.4931
99400,0.00918,0.7502,0.7526,0.7513,0.7543,0.7370,0.7512,0.7471,0.7429,0.7330,0.7427,0.7317,0.6977,2.82,0.1492,0.522410,0.2173,0.4944
99600,0.02248,0.7339,0.7411,0.7280,0.7313,0.7467,0.7294,0.7430,0.7423,0.7417,0.7418,0.7313,0.7443,2.58,0.1085,0.552465,0.1752,0.4913
99800,0.01971,0.7324,0.7345,0.7500,0.7496,0.7418,0.7279,0.7443,0.7457,0.7210,0.7162,0.7327,0.7558,3.73,0.1235,0.424101,0.1413,0.4950
99999,0.01087,0.7518,0.7540,0.7571,0.7544,0.7492,0.7312,0.7248,0.7185,0.7277,0.7350,0.7131,0.6654,2.52,0.1329,0.560185,0.2536,0.4933
